"","STATION","Sampling.date","Day","Month","Year","species","abundance"
"1",2,1997-05-14,14,5,1997,"Acartia clausi",357.70346763069
"2",3,1997-05-14,14,5,1997,"Acartia clausi",1973.60350741691
"3",4,1997-05-15,15,5,1997,"Acartia clausi",708.557190687534
"4",2,1998-05-01,1,5,1998,"Acartia clausi",1.29752173348904
"5",3,1998-05-01,1,5,1998,"Acartia clausi",2.59504346697807
"6",4,1998-05-01,1,5,1998,"Acartia clausi",0
"7",2,1999-05-07,7,5,1999,"Acartia clausi",13.2082029892249
"8",3,1999-05-07,7,5,1999,"Acartia clausi",23.1803430690774
"9",4,1999-05-07,7,5,1999,"Acartia clausi",1507.51947816633
"10",2,2000-05-25,25,5,2000,"Acartia clausi",1.85185185185185
"11",3,2000-05-25,25,5,2000,"Acartia clausi",8.28500414250207
"12",4,2000-05-25,25,5,2000,"Acartia clausi",14209.3046725199
"13",2,2001-05-28,28,5,2001,"Acartia clausi",12.652876947896
"14",3,2001-05-28,28,5,2001,"Acartia clausi",59.0064099887832
"15",4,2001-05-28,28,5,2001,"Acartia clausi",201.652666750689
"16",2,2002-04-22,22,4,2002,"Acartia clausi",5.1928433177548
"17",3,2002-04-22,22,4,2002,"Acartia clausi",0
"18",4,2002-04-22,22,4,2002,"Acartia clausi",1694.39602809909
"19",4,2014-05-21,21,5,2014,"Acartia clausi",585.858585858586
"20",2,2015-05-27,27,5,2015,"Acartia clausi",289.91452991453
"21",3,2015-05-27,27,5,2015,"Acartia clausi",403.944773175542
"22",4,2015-05-27,27,5,2015,"Acartia clausi",891.324200913242
"23",2,2016-04-29,29,4,2016,"Acartia clausi",5.272030651341
"24",3,2016-04-29,29,4,2016,"Acartia clausi",55.2601681436037
"25",4,2016-04-29,29,4,2016,"Acartia clausi",93.0817610062893
"26",2,1997-05-14,14,5,1997,"Paracartia latisetosa",0
"27",3,1997-05-14,14,5,1997,"Paracartia latisetosa",0
"28",4,1997-05-15,15,5,1997,"Paracartia latisetosa",0
"29",2,1998-05-01,1,5,1998,"Paracartia latisetosa",37
"30",3,1998-05-01,1,5,1998,"Paracartia latisetosa",37.5
"31",4,1998-05-01,1,5,1998,"Paracartia latisetosa",38
"32",2,1999-05-07,7,5,1999,"Paracartia latisetosa",0
"33",3,1999-05-07,7,5,1999,"Paracartia latisetosa",0
"34",4,1999-05-07,7,5,1999,"Paracartia latisetosa",0
"35",2,2000-05-25,25,5,2000,"Paracartia latisetosa",0
"36",3,2000-05-25,25,5,2000,"Paracartia latisetosa",0
"37",4,2000-05-25,25,5,2000,"Paracartia latisetosa",0
"38",2,2001-05-28,28,5,2001,"Paracartia latisetosa",0
"39",3,2001-05-28,28,5,2001,"Paracartia latisetosa",0
"40",4,2001-05-28,28,5,2001,"Paracartia latisetosa",0
"41",2,2002-04-22,22,4,2002,"Paracartia latisetosa",0
"42",3,2002-04-22,22,4,2002,"Paracartia latisetosa",0
"43",4,2002-04-22,22,4,2002,"Paracartia latisetosa",0
"44",4,2014-05-21,21,5,2014,"Paracartia latisetosa",0
"45",2,2015-05-27,27,5,2015,"Paracartia latisetosa",0
"46",3,2015-05-27,27,5,2015,"Paracartia latisetosa",0
"47",4,2015-05-27,27,5,2015,"Paracartia latisetosa",0
"48",2,2016-04-29,29,4,2016,"Paracartia latisetosa",0
"49",3,2016-04-29,29,4,2016,"Paracartia latisetosa",0.16359918200409
"50",4,2016-04-29,29,4,2016,"Paracartia latisetosa",0
"51",2,1997-05-14,14,5,1997,"Acartia margalefi",216.905294201589
"52",3,1997-05-14,14,5,1997,"Acartia margalefi",639.694691170123
"53",4,1997-05-15,15,5,1997,"Acartia margalefi",31.1453710192323
"54",2,1998-05-01,1,5,1998,"Acartia margalefi",0.648760866744518
"55",3,1998-05-01,1,5,1998,"Acartia margalefi",0.648760866744518
"56",4,1998-05-01,1,5,1998,"Acartia margalefi",0
"57",2,1999-05-07,7,5,1999,"Acartia margalefi",11.1226972540841
"58",3,1999-05-07,7,5,1999,"Acartia margalefi",27.8164116828929
"59",4,1999-05-07,7,5,1999,"Acartia margalefi",30.9234764752069
"60",2,2000-05-25,25,5,2000,"Acartia margalefi",0
"61",3,2000-05-25,25,5,2000,"Acartia margalefi",0.920556015833563
"62",4,2000-05-25,25,5,2000,"Acartia margalefi",0
"63",2,2001-05-28,28,5,2001,"Acartia margalefi",0
"64",3,2001-05-28,28,5,2001,"Acartia margalefi",0
"65",4,2001-05-28,28,5,2001,"Acartia margalefi",0
"66",2,2002-04-22,22,4,2002,"Acartia margalefi",0
"67",3,2002-04-22,22,4,2002,"Acartia margalefi",0
"68",4,2002-04-22,22,4,2002,"Acartia margalefi",0
"69",4,2014-05-21,21,5,2014,"Acartia margalefi",226.262626262626
"70",2,2015-05-27,27,5,2015,"Acartia margalefi",125.811965811966
"71",3,2015-05-27,27,5,2015,"Acartia margalefi",883.629191321499
"72",4,2015-05-27,27,5,2015,"Acartia margalefi",54.7945205479452
"73",2,2016-04-29,29,4,2016,"Acartia margalefi",5.76245210727969
"74",3,2016-04-29,29,4,2016,"Acartia margalefi",94.5239718245853
"75",4,2016-04-29,29,4,2016,"Acartia margalefi",1.67714884696017
"76",2,1997-05-14,14,5,1997,"Acartia tonsa",85.6205108690482
"77",3,1997-05-14,14,5,1997,"Acartia tonsa",159.923672792531
"78",4,1997-05-15,15,5,1997,"Acartia tonsa",1.94658568870202
"79",2,1998-05-01,1,5,1998,"Acartia tonsa",22.7066303360581
"80",3,1998-05-01,1,5,1998,"Acartia tonsa",51.0923091991726
"81",4,1998-05-01,1,5,1998,"Acartia tonsa",3962.56066924278
"82",2,1999-05-07,7,5,1999,"Acartia tonsa",78.5540493569691
"83",3,1999-05-07,7,5,1999,"Acartia tonsa",617.756142790913
"84",4,1999-05-07,7,5,1999,"Acartia tonsa",56.0488011113124
"85",2,2000-05-25,25,5,2000,"Acartia tonsa",91.6666666666667
"86",3,2000-05-25,25,5,2000,"Acartia tonsa",96.6583816625241
"87",4,2000-05-25,25,5,2000,"Acartia tonsa",72.661217075386
"88",2,2001-05-28,28,5,2001,"Acartia tonsa",193.243938840594
"89",3,2001-05-28,28,5,2001,"Acartia tonsa",528.83103291834
"90",4,2001-05-28,28,5,2001,"Acartia tonsa",38.4833333493681
"91",2,2002-04-22,22,4,2002,"Acartia tonsa",2.12434499362696
"92",3,2002-04-22,22,4,2002,"Acartia tonsa",0.629287017808823
"93",4,2002-04-22,22,4,2002,"Acartia tonsa",3
"94",4,2014-05-21,21,5,2014,"Acartia tonsa",0.404040404040404
"95",2,2015-05-27,27,5,2015,"Acartia tonsa",393.846153846154
"96",3,2015-05-27,27,5,2015,"Acartia tonsa",858.382642998028
"97",4,2015-05-27,27,5,2015,"Acartia tonsa",0
"98",2,2016-04-29,29,4,2016,"Acartia tonsa",0.85823754789272
"99",3,2016-04-29,29,4,2016,"Acartia tonsa",15.9963644626221
"100",4,2016-04-29,29,4,2016,"Acartia tonsa",1.67714884696017
"101",2,1997-05-14,14,5,1997,"Acartia sp p ",0
"102",3,1997-05-14,14,5,1997,"Acartia sp p ",0
"103",4,1997-05-15,15,5,1997,"Acartia sp p ",0
"104",2,1998-05-01,1,5,1998,"Acartia sp p ",0
"105",3,1998-05-01,1,5,1998,"Acartia sp p ",0
"106",4,1998-05-01,1,5,1998,"Acartia sp p ",0
"107",2,1999-05-07,7,5,1999,"Acartia sp p ",0
"108",3,1999-05-07,7,5,1999,"Acartia sp p ",0
"109",4,1999-05-07,7,5,1999,"Acartia sp p ",0
"110",2,2000-05-25,25,5,2000,"Acartia sp p ",0
"111",3,2000-05-25,25,5,2000,"Acartia sp p ",0
"112",4,2000-05-25,25,5,2000,"Acartia sp p ",0
"113",2,2001-05-28,28,5,2001,"Acartia sp p ",0
"114",3,2001-05-28,28,5,2001,"Acartia sp p ",0
"115",4,2001-05-28,28,5,2001,"Acartia sp p ",0
"116",2,2002-04-22,22,4,2002,"Acartia sp p ",0
"117",3,2002-04-22,22,4,2002,"Acartia sp p ",0
"118",4,2002-04-22,22,4,2002,"Acartia sp p ",0
"119",4,2014-05-21,21,5,2014,"Acartia sp p ",573.737373737374
"120",2,2015-05-27,27,5,2015,"Acartia sp p ",694.700854700855
"121",3,2015-05-27,27,5,2015,"Acartia sp p ",1123.47140039448
"122",4,2015-05-27,27,5,2015,"Acartia sp p ",423.744292237443
"123",2,2016-04-29,29,4,2016,"Acartia sp p ",4.65900383141762
"124",3,2016-04-29,29,4,2016,"Acartia sp p ",61.8041354237673
"125",4,2016-04-29,29,4,2016,"Acartia sp p ",25.1572327044025
"126",2,1997-05-14,14,5,1997,"Calanoida copepoditi ind ",0
"127",3,1997-05-14,14,5,1997,"Calanoida copepoditi ind ",0
"128",4,1997-05-15,15,5,1997,"Calanoida copepoditi ind ",0
"129",2,1998-05-01,1,5,1998,"Calanoida copepoditi ind ",0
"130",3,1998-05-01,1,5,1998,"Calanoida copepoditi ind ",0
"131",4,1998-05-01,1,5,1998,"Calanoida copepoditi ind ",0
"132",2,1999-05-07,7,5,1999,"Calanoida copepoditi ind ",0
"133",3,1999-05-07,7,5,1999,"Calanoida copepoditi ind ",0
"134",4,1999-05-07,7,5,1999,"Calanoida copepoditi ind ",0
"135",2,2000-05-25,25,5,2000,"Calanoida copepoditi ind ",0
"136",3,2000-05-25,25,5,2000,"Calanoida copepoditi ind ",0
"137",4,2000-05-25,25,5,2000,"Calanoida copepoditi ind ",0
"138",2,2001-05-28,28,5,2001,"Calanoida copepoditi ind ",0
"139",3,2001-05-28,28,5,2001,"Calanoida copepoditi ind ",0
"140",4,2001-05-28,28,5,2001,"Calanoida copepoditi ind ",0
"141",2,2002-04-22,22,4,2002,"Calanoida copepoditi ind ",0
"142",3,2002-04-22,22,4,2002,"Calanoida copepoditi ind ",0
"143",4,2002-04-22,22,4,2002,"Calanoida copepoditi ind ",0
"144",4,2014-05-21,21,5,2014,"Calanoida copepoditi ind ",0
"145",2,2015-05-27,27,5,2015,"Calanoida copepoditi ind ",0
"146",3,2015-05-27,27,5,2015,"Calanoida copepoditi ind ",0
"147",4,2015-05-27,27,5,2015,"Calanoida copepoditi ind ",0
"148",2,2016-04-29,29,4,2016,"Calanoida copepoditi ind ",0
"149",3,2016-04-29,29,4,2016,"Calanoida copepoditi ind ",0.05453306066803
"150",4,2016-04-29,29,4,2016,"Calanoida copepoditi ind ",1.67714884696017
"151",2,1997-05-14,14,5,1997,"Calanipeda aquaedulcis",0
"152",3,1997-05-14,14,5,1997,"Calanipeda aquaedulcis",0
"153",4,1997-05-15,15,5,1997,"Calanipeda aquaedulcis",0
"154",2,1998-05-01,1,5,1998,"Calanipeda aquaedulcis",1.08137334414707
"155",3,1998-05-01,1,5,1998,"Calanipeda aquaedulcis",22.5924879977408
"156",4,1998-05-01,1,5,1998,"Calanipeda aquaedulcis",6.35256749602964
"157",2,1999-05-07,7,5,1999,"Calanipeda aquaedulcis",0
"158",3,1999-05-07,7,5,1999,"Calanipeda aquaedulcis",1.15901715345387
"159",4,1999-05-07,7,5,1999,"Calanipeda aquaedulcis",0
"160",2,2000-05-25,25,5,2000,"Calanipeda aquaedulcis",0
"161",3,2000-05-25,25,5,2000,"Calanipeda aquaedulcis",0
"162",4,2000-05-25,25,5,2000,"Calanipeda aquaedulcis",0
"163",2,2001-05-28,28,5,2001,"Calanipeda aquaedulcis",0
"164",3,2001-05-28,28,5,2001,"Calanipeda aquaedulcis",0
"165",4,2001-05-28,28,5,2001,"Calanipeda aquaedulcis",0
"166",2,2002-04-22,22,4,2002,"Calanipeda aquaedulcis",0
"167",3,2002-04-22,22,4,2002,"Calanipeda aquaedulcis",0
"168",4,2002-04-22,22,4,2002,"Calanipeda aquaedulcis",0
"169",4,2014-05-21,21,5,2014,"Calanipeda aquaedulcis",0
"170",2,2015-05-27,27,5,2015,"Calanipeda aquaedulcis",0
"171",3,2015-05-27,27,5,2015,"Calanipeda aquaedulcis",0
"172",4,2015-05-27,27,5,2015,"Calanipeda aquaedulcis",0
"173",2,2016-04-29,29,4,2016,"Calanipeda aquaedulcis",0
"174",3,2016-04-29,29,4,2016,"Calanipeda aquaedulcis",0
"175",4,2016-04-29,29,4,2016,"Calanipeda aquaedulcis",0
"176",2,1997-05-14,14,5,1997,"Calanus spp",0
"177",3,1997-05-14,14,5,1997,"Calanus spp",0
"178",4,1997-05-15,15,5,1997,"Calanus spp",0
"179",2,1998-05-01,1,5,1998,"Calanus spp",80.0216274668829
"180",3,1998-05-01,1,5,1998,"Calanus spp",135.554927986444
"181",4,1998-05-01,1,5,1998,"Calanus spp",10.5876124933827
"182",2,1999-05-07,7,5,1999,"Calanus spp",0
"183",3,1999-05-07,7,5,1999,"Calanus spp",0
"184",4,1999-05-07,7,5,1999,"Calanus spp",3.86543455940086
"185",2,2000-05-25,25,5,2000,"Calanus spp",0
"186",3,2000-05-25,25,5,2000,"Calanus spp",0
"187",4,2000-05-25,25,5,2000,"Calanus spp",0
"188",2,2001-05-28,28,5,2001,"Calanus spp",0
"189",3,2001-05-28,28,5,2001,"Calanus spp",0
"190",4,2001-05-28,28,5,2001,"Calanus spp",0
"191",2,2002-04-22,22,4,2002,"Calanus spp",0.472076665250437
"192",3,2002-04-22,22,4,2002,"Calanus spp",0.629287017808823
"193",4,2002-04-22,22,4,2002,"Calanus spp",4.22542650398775
"194",4,2014-05-21,21,5,2014,"Calanus spp",0
"195",2,2015-05-27,27,5,2015,"Calanus spp",0
"196",3,2015-05-27,27,5,2015,"Calanus spp",0
"197",4,2015-05-27,27,5,2015,"Calanus spp",0
"198",2,2016-04-29,29,4,2016,"Calanus spp",0
"199",3,2016-04-29,29,4,2016,"Calanus spp",0
"200",4,2016-04-29,29,4,2016,"Calanus spp",0
"201",2,1997-05-14,14,5,1997,"Calocalanus spp",0
"202",3,1997-05-14,14,5,1997,"Calocalanus spp",0
"203",4,1997-05-15,15,5,1997,"Calocalanus spp",0
"204",2,1998-05-01,1,5,1998,"Calocalanus spp",0
"205",3,1998-05-01,1,5,1998,"Calocalanus spp",0
"206",4,1998-05-01,1,5,1998,"Calocalanus spp",0
"207",2,1999-05-07,7,5,1999,"Calocalanus spp",0
"208",3,1999-05-07,7,5,1999,"Calocalanus spp",0
"209",4,1999-05-07,7,5,1999,"Calocalanus spp",0
"210",2,2000-05-25,25,5,2000,"Calocalanus spp",0
"211",3,2000-05-25,25,5,2000,"Calocalanus spp",0
"212",4,2000-05-25,25,5,2000,"Calocalanus spp",0
"213",2,2001-05-28,28,5,2001,"Calocalanus spp",0
"214",3,2001-05-28,28,5,2001,"Calocalanus spp",0
"215",4,2001-05-28,28,5,2001,"Calocalanus spp",0
"216",2,2002-04-22,22,4,2002,"Calocalanus spp",0.472076665250437
"217",3,2002-04-22,22,4,2002,"Calocalanus spp",0.472076665250437
"218",4,2002-04-22,22,4,2002,"Calocalanus spp",29.5779855279142
"219",4,2014-05-21,21,5,2014,"Calocalanus spp",0
"220",2,2015-05-27,27,5,2015,"Calocalanus spp",0
"221",3,2015-05-27,27,5,2015,"Calocalanus spp",0
"222",4,2015-05-27,27,5,2015,"Calocalanus spp",0
"223",2,2016-04-29,29,4,2016,"Calocalanus spp",0
"224",3,2016-04-29,29,4,2016,"Calocalanus spp",0
"225",4,2016-04-29,29,4,2016,"Calocalanus spp",0
"226",2,1997-05-14,14,5,1997,"Centropages kr√ yeri",0
"227",3,1997-05-14,14,5,1997,"Centropages kr√ yeri",0
"228",4,1997-05-15,15,5,1997,"Centropages kr√ yeri",1.94658568870202
"229",2,1998-05-01,1,5,1998,"Centropages kr√ yeri",0
"230",3,1998-05-01,1,5,1998,"Centropages kr√ yeri",0
"231",4,1998-05-01,1,5,1998,"Centropages kr√ yeri",2.11752249867655
"232",2,1999-05-07,7,5,1999,"Centropages kr√ yeri",0
"233",3,1999-05-07,7,5,1999,"Centropages kr√ yeri",0
"234",4,1999-05-07,7,5,1999,"Centropages kr√ yeri",0
"235",2,2000-05-25,25,5,2000,"Centropages kr√ yeri",0
"236",3,2000-05-25,25,5,2000,"Centropages kr√ yeri",0
"237",4,2000-05-25,25,5,2000,"Centropages kr√ yeri",0
"238",2,2001-05-28,28,5,2001,"Centropages kr√ yeri",0
"239",3,2001-05-28,28,5,2001,"Centropages kr√ yeri",0
"240",4,2001-05-28,28,5,2001,"Centropages kr√ yeri",0
"241",2,2002-04-22,22,4,2002,"Centropages kr√ yeri",0
"242",3,2002-04-22,22,4,2002,"Centropages kr√ yeri",0
"243",4,2002-04-22,22,4,2002,"Centropages kr√ yeri",0
"244",4,2014-05-21,21,5,2014,"Centropages kr√ yeri",0
"245",2,2015-05-27,27,5,2015,"Centropages kr√ yeri",0
"246",3,2015-05-27,27,5,2015,"Centropages kr√ yeri",0
"247",4,2015-05-27,27,5,2015,"Centropages kr√ yeri",0
"248",2,2016-04-29,29,4,2016,"Centropages kr√ yeri",0
"249",3,2016-04-29,29,4,2016,"Centropages kr√ yeri",0
"250",4,2016-04-29,29,4,2016,"Centropages kr√ yeri",0
"251",2,1997-05-14,14,5,1997,"Centropages ponticus",0
"252",3,1997-05-14,14,5,1997,"Centropages ponticus",3.63462892710297
"253",4,1997-05-15,15,5,1997,"Centropages ponticus",5.83975706610605
"254",2,1998-05-01,1,5,1998,"Centropages ponticus",0
"255",3,1998-05-01,1,5,1998,"Centropages ponticus",0
"256",4,1998-05-01,1,5,1998,"Centropages ponticus",0.585720142915715
"257",2,1999-05-07,7,5,1999,"Centropages ponticus",0.695168578380257
"258",3,1999-05-07,7,5,1999,"Centropages ponticus",2.31803430690774
"259",4,1999-05-07,7,5,1999,"Centropages ponticus",15.4617382376034
"260",2,2000-05-25,25,5,2000,"Centropages ponticus",0
"261",3,2000-05-25,25,5,2000,"Centropages ponticus",0
"262",4,2000-05-25,25,5,2000,"Centropages ponticus",0
"263",2,2001-05-28,28,5,2001,"Centropages ponticus",0
"264",3,2001-05-28,28,5,2001,"Centropages ponticus",0
"265",4,2001-05-28,28,5,2001,"Centropages ponticus",0
"266",2,2002-04-22,22,4,2002,"Centropages ponticus",0
"267",3,2002-04-22,22,4,2002,"Centropages ponticus",0
"268",4,2002-04-22,22,4,2002,"Centropages ponticus",12.6762795119632
"269",4,2014-05-21,21,5,2014,"Centropages ponticus",8.08080808080808
"270",2,2015-05-27,27,5,2015,"Centropages ponticus",0.376068376068376
"271",3,2015-05-27,27,5,2015,"Centropages ponticus",0.552268244575937
"272",4,2015-05-27,27,5,2015,"Centropages ponticus",7.30593607305936
"273",2,2016-04-29,29,4,2016,"Centropages ponticus",0
"274",3,2016-04-29,29,4,2016,"Centropages ponticus",0.10906612133606
"275",4,2016-04-29,29,4,2016,"Centropages ponticus",5.87002096436059
"276",2,1997-05-14,14,5,1997,"Centropages typicus",0
"277",3,1997-05-14,14,5,1997,"Centropages typicus",0
"278",4,1997-05-15,15,5,1997,"Centropages typicus",0
"279",2,1998-05-01,1,5,1998,"Centropages typicus",0
"280",3,1998-05-01,1,5,1998,"Centropages typicus",0
"281",4,1998-05-01,1,5,1998,"Centropages typicus",0
"282",2,1999-05-07,7,5,1999,"Centropages typicus",0
"283",3,1999-05-07,7,5,1999,"Centropages typicus",0
"284",4,1999-05-07,7,5,1999,"Centropages typicus",0
"285",2,2000-05-25,25,5,2000,"Centropages typicus",0
"286",3,2000-05-25,25,5,2000,"Centropages typicus",0
"287",4,2000-05-25,25,5,2000,"Centropages typicus",8.07346856393178
"288",2,2001-05-28,28,5,2001,"Centropages typicus",0
"289",3,2001-05-28,28,5,2001,"Centropages typicus",0
"290",4,2001-05-28,28,5,2001,"Centropages typicus",1.53933333397472
"291",2,2002-04-22,22,4,2002,"Centropages typicus",0
"292",3,2002-04-22,22,4,2002,"Centropages typicus",0
"293",4,2002-04-22,22,4,2002,"Centropages typicus",29.5779855279142
"294",4,2014-05-21,21,5,2014,"Centropages typicus",4.04040404040404
"295",2,2015-05-27,27,5,2015,"Centropages typicus",0
"296",3,2015-05-27,27,5,2015,"Centropages typicus",0
"297",4,2015-05-27,27,5,2015,"Centropages typicus",0.228310502283105
"298",2,2016-04-29,29,4,2016,"Centropages typicus",0.0613026819923372
"299",3,2016-04-29,29,4,2016,"Centropages typicus",0.727107475573733
"300",4,2016-04-29,29,4,2016,"Centropages typicus",3.0188679245283
"301",2,1997-05-14,14,5,1997,"Centropages spp",0
"302",3,1997-05-14,14,5,1997,"Centropages spp",0
"303",4,1997-05-15,15,5,1997,"Centropages spp",0
"304",2,1998-05-01,1,5,1998,"Centropages spp",0
"305",3,1998-05-01,1,5,1998,"Centropages spp",0
"306",4,1998-05-01,1,5,1998,"Centropages spp",0
"307",2,1999-05-07,7,5,1999,"Centropages spp",0
"308",3,1999-05-07,7,5,1999,"Centropages spp",0
"309",4,1999-05-07,7,5,1999,"Centropages spp",0
"310",2,2000-05-25,25,5,2000,"Centropages spp",0
"311",3,2000-05-25,25,5,2000,"Centropages spp",0
"312",4,2000-05-25,25,5,2000,"Centropages spp",0
"313",2,2001-05-28,28,5,2001,"Centropages spp",0
"314",3,2001-05-28,28,5,2001,"Centropages spp",0
"315",4,2001-05-28,28,5,2001,"Centropages spp",0
"316",2,2002-04-22,22,4,2002,"Centropages spp",0
"317",3,2002-04-22,22,4,2002,"Centropages spp",0
"318",4,2002-04-22,22,4,2002,"Centropages spp",0
"319",4,2014-05-21,21,5,2014,"Centropages spp",92.9292929292929
"320",2,2015-05-27,27,5,2015,"Centropages spp",0.102564102564103
"321",3,2015-05-27,27,5,2015,"Centropages spp",3.15581854043393
"322",4,2015-05-27,27,5,2015,"Centropages spp",32.8767123287671
"323",2,2016-04-29,29,4,2016,"Centropages spp",0
"324",3,2016-04-29,29,4,2016,"Centropages spp",0.727107475573733
"325",4,2016-04-29,29,4,2016,"Centropages spp",0.838574423480084
"326",2,1997-05-14,14,5,1997,"Clausocalanus spp",0
"327",3,1997-05-14,14,5,1997,"Clausocalanus spp",0
"328",4,1997-05-15,15,5,1997,"Clausocalanus spp",0
"329",2,1998-05-01,1,5,1998,"Clausocalanus spp",0
"330",3,1998-05-01,1,5,1998,"Clausocalanus spp",0
"331",4,1998-05-01,1,5,1998,"Clausocalanus spp",19.0577024880889
"332",2,1999-05-07,7,5,1999,"Clausocalanus spp",0
"333",3,1999-05-07,7,5,1999,"Clausocalanus spp",0
"334",4,1999-05-07,7,5,1999,"Clausocalanus spp",0
"335",2,2000-05-25,25,5,2000,"Clausocalanus spp",0
"336",3,2000-05-25,25,5,2000,"Clausocalanus spp",0
"337",4,2000-05-25,25,5,2000,"Clausocalanus spp",0
"338",2,2001-05-28,28,5,2001,"Clausocalanus spp",0
"339",3,2001-05-28,28,5,2001,"Clausocalanus spp",0
"340",4,2001-05-28,28,5,2001,"Clausocalanus spp",0
"341",2,2002-04-22,22,4,2002,"Clausocalanus spp",0
"342",3,2002-04-22,22,4,2002,"Clausocalanus spp",0
"343",4,2002-04-22,22,4,2002,"Clausocalanus spp",0
"344",4,2014-05-21,21,5,2014,"Clausocalanus spp",0
"345",2,2015-05-27,27,5,2015,"Clausocalanus spp",0
"346",3,2015-05-27,27,5,2015,"Clausocalanus spp",0
"347",4,2015-05-27,27,5,2015,"Clausocalanus spp",0
"348",2,2016-04-29,29,4,2016,"Clausocalanus spp",0
"349",3,2016-04-29,29,4,2016,"Clausocalanus spp",0
"350",4,2016-04-29,29,4,2016,"Clausocalanus spp",0
"351",2,1997-05-14,14,5,1997,"Corycaeidae ind ",0
"352",3,1997-05-14,14,5,1997,"Corycaeidae ind ",0
"353",4,1997-05-15,15,5,1997,"Corycaeidae ind ",0
"354",2,1998-05-01,1,5,1998,"Corycaeidae ind ",0
"355",3,1998-05-01,1,5,1998,"Corycaeidae ind ",0
"356",4,1998-05-01,1,5,1998,"Corycaeidae ind ",0
"357",2,1999-05-07,7,5,1999,"Corycaeidae ind ",0
"358",3,1999-05-07,7,5,1999,"Corycaeidae ind ",0
"359",4,1999-05-07,7,5,1999,"Corycaeidae ind ",0
"360",2,2000-05-25,25,5,2000,"Corycaeidae ind ",0
"361",3,2000-05-25,25,5,2000,"Corycaeidae ind ",0
"362",4,2000-05-25,25,5,2000,"Corycaeidae ind ",0
"363",2,2001-05-28,28,5,2001,"Corycaeidae ind ",0
"364",3,2001-05-28,28,5,2001,"Corycaeidae ind ",0
"365",4,2001-05-28,28,5,2001,"Corycaeidae ind ",0
"366",2,2002-04-22,22,4,2002,"Corycaeidae ind ",0
"367",3,2002-04-22,22,4,2002,"Corycaeidae ind ",0
"368",4,2002-04-22,22,4,2002,"Corycaeidae ind ",0
"369",4,2014-05-21,21,5,2014,"Corycaeidae ind ",0.808080808080808
"370",2,2015-05-27,27,5,2015,"Corycaeidae ind ",0
"371",3,2015-05-27,27,5,2015,"Corycaeidae ind ",0.0394477317554241
"372",4,2015-05-27,27,5,2015,"Corycaeidae ind ",0
"373",2,2016-04-29,29,4,2016,"Corycaeidae ind ",0
"374",3,2016-04-29,29,4,2016,"Corycaeidae ind ",0
"375",4,2016-04-29,29,4,2016,"Corycaeidae ind ",2.51572327044025
"376",2,1997-05-14,14,5,1997,"Ctenocalanus vanus",0
"377",3,1997-05-14,14,5,1997,"Ctenocalanus vanus",0
"378",4,1997-05-15,15,5,1997,"Ctenocalanus vanus",0
"379",2,1998-05-01,1,5,1998,"Ctenocalanus vanus",0
"380",3,1998-05-01,1,5,1998,"Ctenocalanus vanus",0
"381",4,1998-05-01,1,5,1998,"Ctenocalanus vanus",0
"382",2,1999-05-07,7,5,1999,"Ctenocalanus vanus",0
"383",3,1999-05-07,7,5,1999,"Ctenocalanus vanus",0
"384",4,1999-05-07,7,5,1999,"Ctenocalanus vanus",0
"385",2,2000-05-25,25,5,2000,"Ctenocalanus vanus",0
"386",3,2000-05-25,25,5,2000,"Ctenocalanus vanus",0
"387",4,2000-05-25,25,5,2000,"Ctenocalanus vanus",0
"388",2,2001-05-28,28,5,2001,"Ctenocalanus vanus",0
"389",3,2001-05-28,28,5,2001,"Ctenocalanus vanus",0
"390",4,2001-05-28,28,5,2001,"Ctenocalanus vanus",0
"391",2,2002-04-22,22,4,2002,"Ctenocalanus vanus",0.236038332625218
"392",3,2002-04-22,22,4,2002,"Ctenocalanus vanus",0
"393",4,2002-04-22,22,4,2002,"Ctenocalanus vanus",4.22542650398775
"394",4,2014-05-21,21,5,2014,"Ctenocalanus vanus",0
"395",2,2015-05-27,27,5,2015,"Ctenocalanus vanus",0
"396",3,2015-05-27,27,5,2015,"Ctenocalanus vanus",0
"397",4,2015-05-27,27,5,2015,"Ctenocalanus vanus",0
"398",2,2016-04-29,29,4,2016,"Ctenocalanus vanus",0
"399",3,2016-04-29,29,4,2016,"Ctenocalanus vanus",1.45421495114747
"400",4,2016-04-29,29,4,2016,"Ctenocalanus vanus",0.922431865828092
"401",2,1997-05-14,14,5,1997,"Diaixis pygmaea",0
"402",3,1997-05-14,14,5,1997,"Diaixis pygmaea",0
"403",4,1997-05-15,15,5,1997,"Diaixis pygmaea",0
"404",2,1998-05-01,1,5,1998,"Diaixis pygmaea",0
"405",3,1998-05-01,1,5,1998,"Diaixis pygmaea",0
"406",4,1998-05-01,1,5,1998,"Diaixis pygmaea",0
"407",2,1999-05-07,7,5,1999,"Diaixis pygmaea",0
"408",3,1999-05-07,7,5,1999,"Diaixis pygmaea",0
"409",4,1999-05-07,7,5,1999,"Diaixis pygmaea",0
"410",2,2000-05-25,25,5,2000,"Diaixis pygmaea",0
"411",3,2000-05-25,25,5,2000,"Diaixis pygmaea",0
"412",4,2000-05-25,25,5,2000,"Diaixis pygmaea",0
"413",2,2001-05-28,28,5,2001,"Diaixis pygmaea",0
"414",3,2001-05-28,28,5,2001,"Diaixis pygmaea",0
"415",4,2001-05-28,28,5,2001,"Diaixis pygmaea",0
"416",2,2002-04-22,22,4,2002,"Diaixis pygmaea",0
"417",3,2002-04-22,22,4,2002,"Diaixis pygmaea",0
"418",4,2002-04-22,22,4,2002,"Diaixis pygmaea",0
"419",4,2014-05-21,21,5,2014,"Diaixis pygmaea",8.08080808080808
"420",2,2015-05-27,27,5,2015,"Diaixis pygmaea",0
"421",3,2015-05-27,27,5,2015,"Diaixis pygmaea",0
"422",4,2015-05-27,27,5,2015,"Diaixis pygmaea",0
"423",2,2016-04-29,29,4,2016,"Diaixis pygmaea",0
"424",3,2016-04-29,29,4,2016,"Diaixis pygmaea",0
"425",4,2016-04-29,29,4,2016,"Diaixis pygmaea",0.0838574423480084
"426",2,1997-05-14,14,5,1997,"Euterpina acutifrons",0
"427",3,1997-05-14,14,5,1997,"Euterpina acutifrons",0
"428",4,1997-05-15,15,5,1997,"Euterpina acutifrons",0
"429",2,1998-05-01,1,5,1998,"Euterpina acutifrons",0
"430",3,1998-05-01,1,5,1998,"Euterpina acutifrons",0
"431",4,1998-05-01,1,5,1998,"Euterpina acutifrons",0
"432",2,1999-05-07,7,5,1999,"Euterpina acutifrons",0
"433",3,1999-05-07,7,5,1999,"Euterpina acutifrons",0
"434",4,1999-05-07,7,5,1999,"Euterpina acutifrons",0
"435",2,2000-05-25,25,5,2000,"Euterpina acutifrons",0
"436",3,2000-05-25,25,5,2000,"Euterpina acutifrons",0
"437",4,2000-05-25,25,5,2000,"Euterpina acutifrons",0
"438",2,2001-05-28,28,5,2001,"Euterpina acutifrons",0
"439",3,2001-05-28,28,5,2001,"Euterpina acutifrons",0
"440",4,2001-05-28,28,5,2001,"Euterpina acutifrons",3.07866666794944
"441",2,2002-04-22,22,4,2002,"Euterpina acutifrons",0
"442",3,2002-04-22,22,4,2002,"Euterpina acutifrons",0
"443",4,2002-04-22,22,4,2002,"Euterpina acutifrons",0
"444",4,2014-05-21,21,5,2014,"Euterpina acutifrons",44.4444444444444
"445",2,2015-05-27,27,5,2015,"Euterpina acutifrons",0.170940170940171
"446",3,2015-05-27,27,5,2015,"Euterpina acutifrons",0.118343195266272
"447",4,2015-05-27,27,5,2015,"Euterpina acutifrons",0
"448",2,2016-04-29,29,4,2016,"Euterpina acutifrons",0
"449",3,2016-04-29,29,4,2016,"Euterpina acutifrons",0.727107475573733
"450",4,2016-04-29,29,4,2016,"Euterpina acutifrons",1.67714884696017
"451",2,1997-05-14,14,5,1997,"Harpacticoida ind ",5.70803405793655
"452",3,1997-05-14,14,5,1997,"Harpacticoida ind ",0
"453",4,1997-05-15,15,5,1997,"Harpacticoida ind ",0
"454",2,1998-05-01,1,5,1998,"Harpacticoida ind ",4.54132606721163
"455",3,1998-05-01,1,5,1998,"Harpacticoida ind ",5.19008693395614
"456",4,1998-05-01,1,5,1998,"Harpacticoida ind ",0
"457",2,1999-05-07,7,5,1999,"Harpacticoida ind ",0.695168578380257
"458",3,1999-05-07,7,5,1999,"Harpacticoida ind ",3.47705146036161
"459",4,1999-05-07,7,5,1999,"Harpacticoida ind ",3.86543455940086
"460",2,2000-05-25,25,5,2000,"Harpacticoida ind ",0.925925925925926
"461",3,2000-05-25,25,5,2000,"Harpacticoida ind ",0.920556015833563
"462",4,2000-05-25,25,5,2000,"Harpacticoida ind ",0
"463",2,2001-05-28,28,5,2001,"Harpacticoida ind ",2.87565385179455
"464",3,2001-05-28,28,5,2001,"Harpacticoida ind ",2.2266569807088
"465",4,2001-05-28,28,5,2001,"Harpacticoida ind ",3.07866666794944
"466",2,2002-04-22,22,4,2002,"Harpacticoida ind ",0.236038332625218
"467",3,2002-04-22,22,4,2002,"Harpacticoida ind ",0.943930526713234
"468",4,2002-04-22,22,4,2002,"Harpacticoida ind ",0.472076665250437
"469",4,2014-05-21,21,5,2014,"Harpacticoida ind ",16.1616161616162
"470",2,2015-05-27,27,5,2015,"Harpacticoida ind ",5.47008547008547
"471",3,2015-05-27,27,5,2015,"Harpacticoida ind ",9.46745562130178
"472",4,2015-05-27,27,5,2015,"Harpacticoida ind ",0.045662100456621
"473",2,2016-04-29,29,4,2016,"Harpacticoida ind ",3.86206896551724
"474",3,2016-04-29,29,4,2016,"Harpacticoida ind ",12.3608270847535
"475",4,2016-04-29,29,4,2016,"Harpacticoida ind ",2.51572327044025
"476",2,1997-05-14,14,5,1997,"Mecynocera clausi",0
"477",3,1997-05-14,14,5,1997,"Mecynocera clausi",0
"478",4,1997-05-15,15,5,1997,"Mecynocera clausi",0
"479",2,1998-05-01,1,5,1998,"Mecynocera clausi",0
"480",3,1998-05-01,1,5,1998,"Mecynocera clausi",0
"481",4,1998-05-01,1,5,1998,"Mecynocera clausi",12.7051349920593
"482",2,1999-05-07,7,5,1999,"Mecynocera clausi",0
"483",3,1999-05-07,7,5,1999,"Mecynocera clausi",0
"484",4,1999-05-07,7,5,1999,"Mecynocera clausi",0
"485",2,2000-05-25,25,5,2000,"Mecynocera clausi",0
"486",3,2000-05-25,25,5,2000,"Mecynocera clausi",0
"487",4,2000-05-25,25,5,2000,"Mecynocera clausi",0
"488",2,2001-05-28,28,5,2001,"Mecynocera clausi",0
"489",3,2001-05-28,28,5,2001,"Mecynocera clausi",0
"490",4,2001-05-28,28,5,2001,"Mecynocera clausi",0
"491",2,2002-04-22,22,4,2002,"Mecynocera clausi",0
"492",3,2002-04-22,22,4,2002,"Mecynocera clausi",0
"493",4,2002-04-22,22,4,2002,"Mecynocera clausi",0
"494",4,2014-05-21,21,5,2014,"Mecynocera clausi",0
"495",2,2015-05-27,27,5,2015,"Mecynocera clausi",0
"496",3,2015-05-27,27,5,2015,"Mecynocera clausi",0
"497",4,2015-05-27,27,5,2015,"Mecynocera clausi",0
"498",2,2016-04-29,29,4,2016,"Mecynocera clausi",0
"499",3,2016-04-29,29,4,2016,"Mecynocera clausi",0
"500",4,2016-04-29,29,4,2016,"Mecynocera clausi",0
"501",2,1997-05-14,14,5,1997,"nauplii Copepoda ind ",1.90267801931218
"502",3,1997-05-14,14,5,1997,"nauplii Copepoda ind ",0
"503",4,1997-05-15,15,5,1997,"nauplii Copepoda ind ",1.94658568870202
"504",2,1998-05-01,1,5,1998,"nauplii Copepoda ind ",4.54132606721163
"505",3,1998-05-01,1,5,1998,"nauplii Copepoda ind ",17.135091799571
"506",4,1998-05-01,1,5,1998,"nauplii Copepoda ind ",9.64153028053762
"507",2,1999-05-07,7,5,1999,"nauplii Copepoda ind ",0
"508",3,1999-05-07,7,5,1999,"nauplii Copepoda ind ",1.15901715345387
"509",4,1999-05-07,7,5,1999,"nauplii Copepoda ind ",0
"510",2,2000-05-25,25,5,2000,"nauplii Copepoda ind ",3.7037037037037
"511",3,2000-05-25,25,5,2000,"nauplii Copepoda ind ",0
"512",4,2000-05-25,25,5,2000,"nauplii Copepoda ind ",0
"513",2,2001-05-28,28,5,2001,"nauplii Copepoda ind ",0
"514",3,2001-05-28,28,5,2001,"nauplii Copepoda ind ",3.3399854710632
"515",4,2001-05-28,28,5,2001,"nauplii Copepoda ind ",10.7753333378231
"516",2,2002-04-22,22,4,2002,"nauplii Copepoda ind ",0.236038332625218
"517",3,2002-04-22,22,4,2002,"nauplii Copepoda ind ",0.472076665250437
"518",4,2002-04-22,22,4,2002,"nauplii Copepoda ind ",29.5779855279142
"519",4,2014-05-21,21,5,2014,"nauplii Copepoda ind ",12.1212121212121
"520",2,2015-05-27,27,5,2015,"nauplii Copepoda ind ",10.9401709401709
"521",3,2015-05-27,27,5,2015,"nauplii Copepoda ind ",3.15581854043393
"522",4,2015-05-27,27,5,2015,"nauplii Copepoda ind ",0
"523",2,2016-04-29,29,4,2016,"nauplii Copepoda ind ",0.613026819923372
"524",3,2016-04-29,29,4,2016,"nauplii Copepoda ind ",3.63553737786867
"525",4,2016-04-29,29,4,2016,"nauplii Copepoda ind ",0.838574423480084
"526",2,1997-05-14,14,5,1997,"Oithona spp",0
"527",3,1997-05-14,14,5,1997,"Oithona spp",0
"528",4,1997-05-15,15,5,1997,"Oithona spp",0
"529",2,1998-05-01,1,5,1998,"Oithona spp",0
"530",3,1998-05-01,1,5,1998,"Oithona spp",0
"531",4,1998-05-01,1,5,1998,"Oithona spp",0
"532",2,1999-05-07,7,5,1999,"Oithona spp",0
"533",3,1999-05-07,7,5,1999,"Oithona spp",0
"534",4,1999-05-07,7,5,1999,"Oithona spp",0
"535",2,2000-05-25,25,5,2000,"Oithona spp",0
"536",3,2000-05-25,25,5,2000,"Oithona spp",0
"537",4,2000-05-25,25,5,2000,"Oithona spp",0
"538",2,2001-05-28,28,5,2001,"Oithona spp",0
"539",3,2001-05-28,28,5,2001,"Oithona spp",0
"540",4,2001-05-28,28,5,2001,"Oithona spp",0
"541",2,2002-04-22,22,4,2002,"Oithona spp",0
"542",3,2002-04-22,22,4,2002,"Oithona spp",0
"543",4,2002-04-22,22,4,2002,"Oithona spp",0
"544",4,2014-05-21,21,5,2014,"Oithona spp",12.5252525252525
"545",2,2015-05-27,27,5,2015,"Oithona spp",0
"546",3,2015-05-27,27,5,2015,"Oithona spp",0
"547",4,2015-05-27,27,5,2015,"Oithona spp",0
"548",2,2016-04-29,29,4,2016,"Oithona spp",0
"549",3,2016-04-29,29,4,2016,"Oithona spp",0.727107475573733
"550",4,2016-04-29,29,4,2016,"Oithona spp",0
"551",2,1997-05-14,14,5,1997,"Oithona similis",24.7348142510584
"552",3,1997-05-14,14,5,1997,"Oithona similis",87.2310942504714
"553",4,1997-05-15,15,5,1997,"Oithona similis",89.5429416802928
"554",2,1998-05-01,1,5,1998,"Oithona similis",1.08137334414707
"555",3,1998-05-01,1,5,1998,"Oithona similis",2.59504346697807
"556",4,1998-05-01,1,5,1998,"Oithona similis",2.34288057166286
"557",2,1999-05-07,7,5,1999,"Oithona similis",2.08550573514077
"558",3,1999-05-07,7,5,1999,"Oithona similis",2.31803430690774
"559",4,1999-05-07,7,5,1999,"Oithona similis",181.67542429184
"560",2,2000-05-25,25,5,2000,"Oithona similis",0
"561",3,2000-05-25,25,5,2000,"Oithona similis",0
"562",4,2000-05-25,25,5,2000,"Oithona similis",0
"563",2,2001-05-28,28,5,2001,"Oithona similis",0
"564",3,2001-05-28,28,5,2001,"Oithona similis",0
"565",4,2001-05-28,28,5,2001,"Oithona similis",4.61800000192417
"566",2,2002-04-22,22,4,2002,"Oithona similis",2.12434499362696
"567",3,2002-04-22,22,4,2002,"Oithona similis",2.51714807123529
"568",4,2002-04-22,22,4,2002,"Oithona similis",1052.13119949295
"569",4,2014-05-21,21,5,2014,"Oithona similis",28.2828282828283
"570",2,2015-05-27,27,5,2015,"Oithona similis",16.4102564102564
"571",3,2015-05-27,27,5,2015,"Oithona similis",3.15581854043393
"572",4,2015-05-27,27,5,2015,"Oithona similis",10.958904109589
"573",2,2016-04-29,29,4,2016,"Oithona similis",0
"574",3,2016-04-29,29,4,2016,"Oithona similis",0.21813224267212
"575",4,2016-04-29,29,4,2016,"Oithona similis",25.9958071278826
"576",2,1997-05-14,14,5,1997,"Oithona nana",0
"577",3,1997-05-14,14,5,1997,"Oithona nana",7.26925785420595
"578",4,1997-05-15,15,5,1997,"Oithona nana",3.89317137740403
"579",2,1998-05-01,1,5,1998,"Oithona nana",0
"580",3,1998-05-01,1,5,1998,"Oithona nana",0
"581",4,1998-05-01,1,5,1998,"Oithona nana",0
"582",2,1999-05-07,7,5,1999,"Oithona nana",0
"583",3,1999-05-07,7,5,1999,"Oithona nana",0
"584",4,1999-05-07,7,5,1999,"Oithona nana",0
"585",2,2000-05-25,25,5,2000,"Oithona nana",0
"586",3,2000-05-25,25,5,2000,"Oithona nana",0.920556015833563
"587",4,2000-05-25,25,5,2000,"Oithona nana",4.03673428196589
"588",2,2001-05-28,28,5,2001,"Oithona nana",0
"589",3,2001-05-28,28,5,2001,"Oithona nana",0
"590",4,2001-05-28,28,5,2001,"Oithona nana",0
"591",2,2002-04-22,22,4,2002,"Oithona nana",0.472076665250437
"592",3,2002-04-22,22,4,2002,"Oithona nana",0.472076665250437
"593",4,2002-04-22,22,4,2002,"Oithona nana",8.45085300797549
"594",4,2014-05-21,21,5,2014,"Oithona nana",24.2424242424242
"595",2,2015-05-27,27,5,2015,"Oithona nana",2.73504273504274
"596",3,2015-05-27,27,5,2015,"Oithona nana",0.0788954635108481
"597",4,2015-05-27,27,5,2015,"Oithona nana",3.65296803652968
"598",2,2016-04-29,29,4,2016,"Oithona nana",0.183908045977011
"599",3,2016-04-29,29,4,2016,"Oithona nana",2.90842990229493
"600",4,2016-04-29,29,4,2016,"Oithona nana",7.54716981132076
"601",2,1997-05-14,14,5,1997,"Oithona plumifera",0
"602",3,1997-05-14,14,5,1997,"Oithona plumifera",0
"603",4,1997-05-15,15,5,1997,"Oithona plumifera",0
"604",2,1998-05-01,1,5,1998,"Oithona plumifera",0
"605",3,1998-05-01,1,5,1998,"Oithona plumifera",0
"606",4,1998-05-01,1,5,1998,"Oithona plumifera",0
"607",2,1999-05-07,7,5,1999,"Oithona plumifera",0
"608",3,1999-05-07,7,5,1999,"Oithona plumifera",0
"609",4,1999-05-07,7,5,1999,"Oithona plumifera",11.5963036782026
"610",2,2000-05-25,25,5,2000,"Oithona plumifera",0
"611",3,2000-05-25,25,5,2000,"Oithona plumifera",0
"612",4,2000-05-25,25,5,2000,"Oithona plumifera",4.03673428196589
"613",2,2001-05-28,28,5,2001,"Oithona plumifera",0
"614",3,2001-05-28,28,5,2001,"Oithona plumifera",0
"615",4,2001-05-28,28,5,2001,"Oithona plumifera",0
"616",2,2002-04-22,22,4,2002,"Oithona plumifera",0
"617",3,2002-04-22,22,4,2002,"Oithona plumifera",0
"618",4,2002-04-22,22,4,2002,"Oithona plumifera",0
"619",4,2014-05-21,21,5,2014,"Oithona plumifera",0
"620",2,2015-05-27,27,5,2015,"Oithona plumifera",0
"621",3,2015-05-27,27,5,2015,"Oithona plumifera",0
"622",4,2015-05-27,27,5,2015,"Oithona plumifera",0
"623",2,2016-04-29,29,4,2016,"Oithona plumifera",0
"624",3,2016-04-29,29,4,2016,"Oithona plumifera",0
"625",4,2016-04-29,29,4,2016,"Oithona plumifera",0.838574423480084
"626",2,1997-05-14,14,5,1997,"Oithonidae copepoditi ind ",0
"627",3,1997-05-14,14,5,1997,"Oithonidae copepoditi ind ",0
"628",4,1997-05-15,15,5,1997,"Oithonidae copepoditi ind ",0
"629",2,1998-05-01,1,5,1998,"Oithonidae copepoditi ind ",0
"630",3,1998-05-01,1,5,1998,"Oithonidae copepoditi ind ",0
"631",4,1998-05-01,1,5,1998,"Oithonidae copepoditi ind ",0
"632",2,1999-05-07,7,5,1999,"Oithonidae copepoditi ind ",0
"633",3,1999-05-07,7,5,1999,"Oithonidae copepoditi ind ",0
"634",4,1999-05-07,7,5,1999,"Oithonidae copepoditi ind ",0
"635",2,2000-05-25,25,5,2000,"Oithonidae copepoditi ind ",0
"636",3,2000-05-25,25,5,2000,"Oithonidae copepoditi ind ",0
"637",4,2000-05-25,25,5,2000,"Oithonidae copepoditi ind ",0
"638",2,2001-05-28,28,5,2001,"Oithonidae copepoditi ind ",0
"639",3,2001-05-28,28,5,2001,"Oithonidae copepoditi ind ",0
"640",4,2001-05-28,28,5,2001,"Oithonidae copepoditi ind ",0
"641",2,2002-04-22,22,4,2002,"Oithonidae copepoditi ind ",0
"642",3,2002-04-22,22,4,2002,"Oithonidae copepoditi ind ",0
"643",4,2002-04-22,22,4,2002,"Oithonidae copepoditi ind ",0
"644",4,2014-05-21,21,5,2014,"Oithonidae copepoditi ind ",0
"645",2,2015-05-27,27,5,2015,"Oithonidae copepoditi ind ",8.2051282051282
"646",3,2015-05-27,27,5,2015,"Oithonidae copepoditi ind ",0
"647",4,2015-05-27,27,5,2015,"Oithonidae copepoditi ind ",25.5707762557078
"648",2,2016-04-29,29,4,2016,"Oithonidae copepoditi ind ",0.245210727969349
"649",3,2016-04-29,29,4,2016,"Oithonidae copepoditi ind ",0.727107475573733
"650",4,2016-04-29,29,4,2016,"Oithonidae copepoditi ind ",15.0943396226415
"651",2,1997-05-14,14,5,1997,"Oncaeidae ind ",0
"652",3,1997-05-14,14,5,1997,"Oncaeidae ind ",0
"653",4,1997-05-15,15,5,1997,"Oncaeidae ind ",0
"654",2,1998-05-01,1,5,1998,"Oncaeidae ind ",0
"655",3,1998-05-01,1,5,1998,"Oncaeidae ind ",0
"656",4,1998-05-01,1,5,1998,"Oncaeidae ind ",23.292747485442
"657",2,1999-05-07,7,5,1999,"Oncaeidae ind ",0
"658",3,1999-05-07,7,5,1999,"Oncaeidae ind ",0
"659",4,1999-05-07,7,5,1999,"Oncaeidae ind ",0
"660",2,2000-05-25,25,5,2000,"Oncaeidae ind ",0
"661",3,2000-05-25,25,5,2000,"Oncaeidae ind ",0
"662",4,2000-05-25,25,5,2000,"Oncaeidae ind ",0
"663",2,2001-05-28,28,5,2001,"Oncaeidae ind ",0
"664",3,2001-05-28,28,5,2001,"Oncaeidae ind ",0
"665",4,2001-05-28,28,5,2001,"Oncaeidae ind ",1.53933333397472
"666",2,2002-04-22,22,4,2002,"Oncaeidae ind ",0
"667",3,2002-04-22,22,4,2002,"Oncaeidae ind ",0
"668",4,2002-04-22,22,4,2002,"Oncaeidae ind ",0
"669",4,2014-05-21,21,5,2014,"Oncaeidae ind ",8.88888888888889
"670",2,2015-05-27,27,5,2015,"Oncaeidae ind ",0
"671",3,2015-05-27,27,5,2015,"Oncaeidae ind ",0
"672",4,2015-05-27,27,5,2015,"Oncaeidae ind ",0
"673",2,2016-04-29,29,4,2016,"Oncaeidae ind ",0
"674",3,2016-04-29,29,4,2016,"Oncaeidae ind ",0
"675",4,2016-04-29,29,4,2016,"Oncaeidae ind ",0
"676",2,1997-05-14,14,5,1997,"Paracalanus nanus",0
"677",3,1997-05-14,14,5,1997,"Paracalanus nanus",0
"678",4,1997-05-15,15,5,1997,"Paracalanus nanus",0
"679",2,1998-05-01,1,5,1998,"Paracalanus nanus",0
"680",3,1998-05-01,1,5,1998,"Paracalanus nanus",0
"681",4,1998-05-01,1,5,1998,"Paracalanus nanus",0
"682",2,1999-05-07,7,5,1999,"Paracalanus nanus",0
"683",3,1999-05-07,7,5,1999,"Paracalanus nanus",0
"684",4,1999-05-07,7,5,1999,"Paracalanus nanus",0
"685",2,2000-05-25,25,5,2000,"Paracalanus nanus",0
"686",3,2000-05-25,25,5,2000,"Paracalanus nanus",0
"687",4,2000-05-25,25,5,2000,"Paracalanus nanus",0
"688",2,2001-05-28,28,5,2001,"Paracalanus nanus",0
"689",3,2001-05-28,28,5,2001,"Paracalanus nanus",0
"690",4,2001-05-28,28,5,2001,"Paracalanus nanus",0
"691",2,2002-04-22,22,4,2002,"Paracalanus nanus",0
"692",3,2002-04-22,22,4,2002,"Paracalanus nanus",0
"693",4,2002-04-22,22,4,2002,"Paracalanus nanus",0
"694",4,2014-05-21,21,5,2014,"Paracalanus nanus",56.5656565656566
"695",2,2015-05-27,27,5,2015,"Paracalanus nanus",90.2564102564102
"696",3,2015-05-27,27,5,2015,"Paracalanus nanus",0
"697",4,2015-05-27,27,5,2015,"Paracalanus nanus",120.547945205479
"698",2,2016-04-29,29,4,2016,"Paracalanus nanus",0
"699",3,2016-04-29,29,4,2016,"Paracalanus nanus",0
"700",4,2016-04-29,29,4,2016,"Paracalanus nanus",0
"701",2,1997-05-14,14,5,1997,"Paracalanus parvus",1.90267801931218
"702",3,1997-05-14,14,5,1997,"Paracalanus parvus",39.9809181981327
"703",4,1997-05-15,15,5,1997,"Paracalanus parvus",42.8248851514444
"704",2,1998-05-01,1,5,1998,"Paracalanus parvus",0.648760866744518
"705",3,1998-05-01,1,5,1998,"Paracalanus parvus",1.29752173348904
"706",4,1998-05-01,1,5,1998,"Paracalanus parvus",0
"707",2,1999-05-07,7,5,1999,"Paracalanus parvus",2.78067431352103
"708",3,1999-05-07,7,5,1999,"Paracalanus parvus",3.47705146036161
"709",4,1999-05-07,7,5,1999,"Paracalanus parvus",92.7704294256206
"710",2,2000-05-25,25,5,2000,"Paracalanus parvus",0
"711",3,2000-05-25,25,5,2000,"Paracalanus parvus",4.60278007916782
"712",4,2000-05-25,25,5,2000,"Paracalanus parvus",108.991825613079
"713",2,2001-05-28,28,5,2001,"Paracalanus parvus",5.17617693323019
"714",3,2001-05-28,28,5,2001,"Paracalanus parvus",26.7198837685056
"715",4,2001-05-28,28,5,2001,"Paracalanus parvus",64.6520000269383
"716",2,2002-04-22,22,4,2002,"Paracalanus parvus",17.9389132795166
"717",3,2002-04-22,22,4,2002,"Paracalanus parvus",11.0125228116544
"718",4,2002-04-22,22,4,2002,"Paracalanus parvus",777.478476733745
"719",4,2014-05-21,21,5,2014,"Paracalanus parvus",117.171717171717
"720",2,2015-05-27,27,5,2015,"Paracalanus parvus",0
"721",3,2015-05-27,27,5,2015,"Paracalanus parvus",22.0907297830375
"722",4,2015-05-27,27,5,2015,"Paracalanus parvus",0
"723",2,2016-04-29,29,4,2016,"Paracalanus parvus",9.5632183908046
"724",3,2016-04-29,29,4,2016,"Paracalanus parvus",19.6319018404908
"725",4,2016-04-29,29,4,2016,"Paracalanus parvus",47.7987421383648
"726",2,1997-05-14,14,5,1997,"Paracalanus sp p ",0
"727",3,1997-05-14,14,5,1997,"Paracalanus sp p ",0
"728",4,1997-05-15,15,5,1997,"Paracalanus sp p ",0
"729",2,1998-05-01,1,5,1998,"Paracalanus sp p ",0
"730",3,1998-05-01,1,5,1998,"Paracalanus sp p ",0
"731",4,1998-05-01,1,5,1998,"Paracalanus sp p ",0
"732",2,1999-05-07,7,5,1999,"Paracalanus sp p ",0
"733",3,1999-05-07,7,5,1999,"Paracalanus sp p ",0
"734",4,1999-05-07,7,5,1999,"Paracalanus sp p ",0
"735",2,2000-05-25,25,5,2000,"Paracalanus sp p ",0
"736",3,2000-05-25,25,5,2000,"Paracalanus sp p ",0
"737",4,2000-05-25,25,5,2000,"Paracalanus sp p ",0
"738",2,2001-05-28,28,5,2001,"Paracalanus sp p ",0
"739",3,2001-05-28,28,5,2001,"Paracalanus sp p ",0
"740",4,2001-05-28,28,5,2001,"Paracalanus sp p ",0
"741",2,2002-04-22,22,4,2002,"Paracalanus sp p ",0
"742",3,2002-04-22,22,4,2002,"Paracalanus sp p ",0
"743",4,2002-04-22,22,4,2002,"Paracalanus sp p ",0
"744",4,2014-05-21,21,5,2014,"Paracalanus sp p ",222.222222222222
"745",2,2015-05-27,27,5,2015,"Paracalanus sp p ",71.1111111111111
"746",3,2015-05-27,27,5,2015,"Paracalanus sp p ",53.6489151873767
"747",4,2015-05-27,27,5,2015,"Paracalanus sp p ",0
"748",2,2016-04-29,29,4,2016,"Paracalanus sp p ",0
"749",3,2016-04-29,29,4,2016,"Paracalanus sp p ",0
"750",4,2016-04-29,29,4,2016,"Paracalanus sp p ",0
"751",2,1997-05-14,14,5,1997,"Pontella mediterranea",0
"752",3,1997-05-14,14,5,1997,"Pontella mediterranea",0
"753",4,1997-05-15,15,5,1997,"Pontella mediterranea",0
"754",2,1998-05-01,1,5,1998,"Pontella mediterranea",0
"755",3,1998-05-01,1,5,1998,"Pontella mediterranea",0
"756",4,1998-05-01,1,5,1998,"Pontella mediterranea",2.11752249867655
"757",2,1999-05-07,7,5,1999,"Pontella mediterranea",0.695168578380257
"758",3,1999-05-07,7,5,1999,"Pontella mediterranea",0
"759",4,1999-05-07,7,5,1999,"Pontella mediterranea",0
"760",2,2000-05-25,25,5,2000,"Pontella mediterranea",0
"761",3,2000-05-25,25,5,2000,"Pontella mediterranea",0
"762",4,2000-05-25,25,5,2000,"Pontella mediterranea",0
"763",2,2001-05-28,28,5,2001,"Pontella mediterranea",0
"764",3,2001-05-28,28,5,2001,"Pontella mediterranea",0
"765",4,2001-05-28,28,5,2001,"Pontella mediterranea",0
"766",2,2002-04-22,22,4,2002,"Pontella mediterranea",0
"767",3,2002-04-22,22,4,2002,"Pontella mediterranea",0
"768",4,2002-04-22,22,4,2002,"Pontella mediterranea",0
"769",4,2014-05-21,21,5,2014,"Pontella mediterranea",0
"770",2,2015-05-27,27,5,2015,"Pontella mediterranea",0
"771",3,2015-05-27,27,5,2015,"Pontella mediterranea",0
"772",4,2015-05-27,27,5,2015,"Pontella mediterranea",0
"773",2,2016-04-29,29,4,2016,"Pontella mediterranea",0
"774",3,2016-04-29,29,4,2016,"Pontella mediterranea",0
"775",4,2016-04-29,29,4,2016,"Pontella mediterranea",0
"776",2,1997-05-14,14,5,1997,"Pseudocalanus elongatus",0
"777",3,1997-05-14,14,5,1997,"Pseudocalanus elongatus",29.0770314168238
"778",4,1997-05-15,15,5,1997,"Pseudocalanus elongatus",5.83975706610605
"779",2,1998-05-01,1,5,1998,"Pseudocalanus elongatus",0
"780",3,1998-05-01,1,5,1998,"Pseudocalanus elongatus",0
"781",4,1998-05-01,1,5,1998,"Pseudocalanus elongatus",4.2350449973531
"782",2,1999-05-07,7,5,1999,"Pseudocalanus elongatus",0
"783",3,1999-05-07,7,5,1999,"Pseudocalanus elongatus",0
"784",4,1999-05-07,7,5,1999,"Pseudocalanus elongatus",1.93271727970043
"785",2,2000-05-25,25,5,2000,"Pseudocalanus elongatus",0
"786",3,2000-05-25,25,5,2000,"Pseudocalanus elongatus",0
"787",4,2000-05-25,25,5,2000,"Pseudocalanus elongatus",0
"788",2,2001-05-28,28,5,2001,"Pseudocalanus elongatus",0
"789",3,2001-05-28,28,5,2001,"Pseudocalanus elongatus",0
"790",4,2001-05-28,28,5,2001,"Pseudocalanus elongatus",0
"791",2,2002-04-22,22,4,2002,"Pseudocalanus elongatus",0.472076665250437
"792",3,2002-04-22,22,4,2002,"Pseudocalanus elongatus",0
"793",4,2002-04-22,22,4,2002,"Pseudocalanus elongatus",16.901706015951
"794",4,2014-05-21,21,5,2014,"Pseudocalanus elongatus",0
"795",2,2015-05-27,27,5,2015,"Pseudocalanus elongatus",0
"796",3,2015-05-27,27,5,2015,"Pseudocalanus elongatus",0
"797",4,2015-05-27,27,5,2015,"Pseudocalanus elongatus",0
"798",2,2016-04-29,29,4,2016,"Pseudocalanus elongatus",0
"799",3,2016-04-29,29,4,2016,"Pseudocalanus elongatus",0
"800",4,2016-04-29,29,4,2016,"Pseudocalanus elongatus",0
"801",2,1997-05-14,14,5,1997,"Pseudodiaptomus marinus",0
"802",3,1997-05-14,14,5,1997,"Pseudodiaptomus marinus",0
"803",4,1997-05-15,15,5,1997,"Pseudodiaptomus marinus",0
"804",2,1998-05-01,1,5,1998,"Pseudodiaptomus marinus",0
"805",3,1998-05-01,1,5,1998,"Pseudodiaptomus marinus",0
"806",4,1998-05-01,1,5,1998,"Pseudodiaptomus marinus",0
"807",2,1999-05-07,7,5,1999,"Pseudodiaptomus marinus",0
"808",3,1999-05-07,7,5,1999,"Pseudodiaptomus marinus",0
"809",4,1999-05-07,7,5,1999,"Pseudodiaptomus marinus",0
"810",2,2000-05-25,25,5,2000,"Pseudodiaptomus marinus",0
"811",3,2000-05-25,25,5,2000,"Pseudodiaptomus marinus",0
"812",4,2000-05-25,25,5,2000,"Pseudodiaptomus marinus",0
"813",2,2001-05-28,28,5,2001,"Pseudodiaptomus marinus",0
"814",3,2001-05-28,28,5,2001,"Pseudodiaptomus marinus",0
"815",4,2001-05-28,28,5,2001,"Pseudodiaptomus marinus",0
"816",2,2002-04-22,22,4,2002,"Pseudodiaptomus marinus",0
"817",3,2002-04-22,22,4,2002,"Pseudodiaptomus marinus",0
"818",4,2002-04-22,22,4,2002,"Pseudodiaptomus marinus",0
"819",4,2014-05-21,21,5,2014,"Pseudodiaptomus marinus",2.02020202020202
"820",2,2015-05-27,27,5,2015,"Pseudodiaptomus marinus",5.47008547008547
"821",3,2015-05-27,27,5,2015,"Pseudodiaptomus marinus",0.157790927021696
"822",4,2015-05-27,27,5,2015,"Pseudodiaptomus marinus",0
"823",2,2016-04-29,29,4,2016,"Pseudodiaptomus marinus",0.306513409961686
"824",3,2016-04-29,29,4,2016,"Pseudodiaptomus marinus",3.3992274483072
"825",4,2016-04-29,29,4,2016,"Pseudodiaptomus marinus",0
"826",2,1997-05-14,14,5,1997,"Temora longicornis",0
"827",3,1997-05-14,14,5,1997,"Temora longicornis",3.63462892710297
"828",4,1997-05-15,15,5,1997,"Temora longicornis",0
"829",2,1998-05-01,1,5,1998,"Temora longicornis",0
"830",3,1998-05-01,1,5,1998,"Temora longicornis",4.51849759954815
"831",4,1998-05-01,1,5,1998,"Temora longicornis",146.109052408682
"832",2,1999-05-07,7,5,1999,"Temora longicornis",0.695168578380257
"833",3,1999-05-07,7,5,1999,"Temora longicornis",1.15901715345387
"834",4,1999-05-07,7,5,1999,"Temora longicornis",5.79815183910129
"835",2,2000-05-25,25,5,2000,"Temora longicornis",0
"836",3,2000-05-25,25,5,2000,"Temora longicornis",0
"837",4,2000-05-25,25,5,2000,"Temora longicornis",0
"838",2,2001-05-28,28,5,2001,"Temora longicornis",0
"839",3,2001-05-28,28,5,2001,"Temora longicornis",0
"840",4,2001-05-28,28,5,2001,"Temora longicornis",0
"841",2,2002-04-22,22,4,2002,"Temora longicornis",1.41622999575131
"842",3,2002-04-22,22,4,2002,"Temora longicornis",0
"843",4,2002-04-22,22,4,2002,"Temora longicornis",21.1271325199387
"844",4,2014-05-21,21,5,2014,"Temora longicornis",2.02020202020202
"845",2,2015-05-27,27,5,2015,"Temora longicornis",0.0341880341880342
"846",3,2015-05-27,27,5,2015,"Temora longicornis",0
"847",4,2015-05-27,27,5,2015,"Temora longicornis",0
"848",2,2016-04-29,29,4,2016,"Temora longicornis",0
"849",3,2016-04-29,29,4,2016,"Temora longicornis",0.21813224267212
"850",4,2016-04-29,29,4,2016,"Temora longicornis",0.167714884696017
"851",2,1997-05-14,14,5,1997,"Temora stylifera",0
"852",3,1997-05-14,14,5,1997,"Temora stylifera",0
"853",4,1997-05-15,15,5,1997,"Temora stylifera",0
"854",2,1998-05-01,1,5,1998,"Temora stylifera",0
"855",3,1998-05-01,1,5,1998,"Temora stylifera",0
"856",4,1998-05-01,1,5,1998,"Temora stylifera",0
"857",2,1999-05-07,7,5,1999,"Temora stylifera",0
"858",3,1999-05-07,7,5,1999,"Temora stylifera",0
"859",4,1999-05-07,7,5,1999,"Temora stylifera",0
"860",2,2000-05-25,25,5,2000,"Temora stylifera",0
"861",3,2000-05-25,25,5,2000,"Temora stylifera",0
"862",4,2000-05-25,25,5,2000,"Temora stylifera",0
"863",2,2001-05-28,28,5,2001,"Temora stylifera",0
"864",3,2001-05-28,28,5,2001,"Temora stylifera",0
"865",4,2001-05-28,28,5,2001,"Temora stylifera",0
"866",2,2002-04-22,22,4,2002,"Temora stylifera",0
"867",3,2002-04-22,22,4,2002,"Temora stylifera",0.629287017808823
"868",4,2002-04-22,22,4,2002,"Temora stylifera",0
"869",4,2014-05-21,21,5,2014,"Temora stylifera",0
"870",2,2015-05-27,27,5,2015,"Temora stylifera",0
"871",3,2015-05-27,27,5,2015,"Temora stylifera",0
"872",4,2015-05-27,27,5,2015,"Temora stylifera",0
"873",2,2016-04-29,29,4,2016,"Temora stylifera",0
"874",3,2016-04-29,29,4,2016,"Temora stylifera",0
"875",4,2016-04-29,29,4,2016,"Temora stylifera",0.0838574423480084
"876",2,1997-05-14,14,5,1997,"Temora spp",0
"877",3,1997-05-14,14,5,1997,"Temora spp",0
"878",4,1997-05-15,15,5,1997,"Temora spp",0
"879",2,1998-05-01,1,5,1998,"Temora spp",0
"880",3,1998-05-01,1,5,1998,"Temora spp",0
"881",4,1998-05-01,1,5,1998,"Temora spp",0
"882",2,1999-05-07,7,5,1999,"Temora spp",0
"883",3,1999-05-07,7,5,1999,"Temora spp",0
"884",4,1999-05-07,7,5,1999,"Temora spp",0
"885",2,2000-05-25,25,5,2000,"Temora spp",0
"886",3,2000-05-25,25,5,2000,"Temora spp",0
"887",4,2000-05-25,25,5,2000,"Temora spp",0
"888",2,2001-05-28,28,5,2001,"Temora spp",0
"889",3,2001-05-28,28,5,2001,"Temora spp",0
"890",4,2001-05-28,28,5,2001,"Temora spp",0
"891",2,2002-04-22,22,4,2002,"Temora spp",0
"892",3,2002-04-22,22,4,2002,"Temora spp",0
"893",4,2002-04-22,22,4,2002,"Temora spp",0
"894",4,2014-05-21,21,5,2014,"Temora spp",0.808080808080808
"895",2,2015-05-27,27,5,2015,"Temora spp",0
"896",3,2015-05-27,27,5,2015,"Temora spp",0
"897",4,2015-05-27,27,5,2015,"Temora spp",0
"898",2,2016-04-29,29,4,2016,"Temora spp",0
"899",3,2016-04-29,29,4,2016,"Temora spp",0
"900",4,2016-04-29,29,4,2016,"Temora spp",0
"901",2,1997-05-14,14,5,1997,"Bosmina coregoni",0
"902",3,1997-05-14,14,5,1997,"Bosmina coregoni",0
"903",4,1997-05-15,15,5,1997,"Bosmina coregoni",0
"904",2,1998-05-01,1,5,1998,"Bosmina coregoni",0
"905",3,1998-05-01,1,5,1998,"Bosmina coregoni",0
"906",4,1998-05-01,1,5,1998,"Bosmina coregoni",4.2350449973531
"907",2,1999-05-07,7,5,1999,"Bosmina coregoni",0
"908",3,1999-05-07,7,5,1999,"Bosmina coregoni",0
"909",4,1999-05-07,7,5,1999,"Bosmina coregoni",0
"910",2,2000-05-25,25,5,2000,"Bosmina coregoni",0
"911",3,2000-05-25,25,5,2000,"Bosmina coregoni",0
"912",4,2000-05-25,25,5,2000,"Bosmina coregoni",0
"913",2,2001-05-28,28,5,2001,"Bosmina coregoni",0
"914",3,2001-05-28,28,5,2001,"Bosmina coregoni",0
"915",4,2001-05-28,28,5,2001,"Bosmina coregoni",0
"916",2,2002-04-22,22,4,2002,"Bosmina coregoni",0
"917",3,2002-04-22,22,4,2002,"Bosmina coregoni",0
"918",4,2002-04-22,22,4,2002,"Bosmina coregoni",0
"919",4,2014-05-21,21,5,2014,"Bosmina coregoni",0
"920",2,2015-05-27,27,5,2015,"Bosmina coregoni",0
"921",3,2015-05-27,27,5,2015,"Bosmina coregoni",0
"922",4,2015-05-27,27,5,2015,"Bosmina coregoni",0
"923",2,2016-04-29,29,4,2016,"Bosmina coregoni",0
"924",3,2016-04-29,29,4,2016,"Bosmina coregoni",0
"925",4,2016-04-29,29,4,2016,"Bosmina coregoni",0
"926",2,1997-05-14,14,5,1997,"Daphnia spp",0
"927",3,1997-05-14,14,5,1997,"Daphnia spp",0
"928",4,1997-05-15,15,5,1997,"Daphnia spp",0
"929",2,1998-05-01,1,5,1998,"Daphnia spp",0
"930",3,1998-05-01,1,5,1998,"Daphnia spp",0
"931",4,1998-05-01,1,5,1998,"Daphnia spp",4.2350449973531
"932",2,1999-05-07,7,5,1999,"Daphnia spp",0
"933",3,1999-05-07,7,5,1999,"Daphnia spp",0
"934",4,1999-05-07,7,5,1999,"Daphnia spp",0
"935",2,2000-05-25,25,5,2000,"Daphnia spp",0
"936",3,2000-05-25,25,5,2000,"Daphnia spp",0
"937",4,2000-05-25,25,5,2000,"Daphnia spp",0
"938",2,2001-05-28,28,5,2001,"Daphnia spp",0
"939",3,2001-05-28,28,5,2001,"Daphnia spp",0
"940",4,2001-05-28,28,5,2001,"Daphnia spp",0
"941",2,2002-04-22,22,4,2002,"Daphnia spp",0
"942",3,2002-04-22,22,4,2002,"Daphnia spp",0
"943",4,2002-04-22,22,4,2002,"Daphnia spp",0
"944",4,2014-05-21,21,5,2014,"Daphnia spp",0
"945",2,2015-05-27,27,5,2015,"Daphnia spp",0
"946",3,2015-05-27,27,5,2015,"Daphnia spp",0
"947",4,2015-05-27,27,5,2015,"Daphnia spp",0
"948",2,2016-04-29,29,4,2016,"Daphnia spp",0
"949",3,2016-04-29,29,4,2016,"Daphnia spp",0
"950",4,2016-04-29,29,4,2016,"Daphnia spp",0
"951",2,1997-05-14,14,5,1997,"Evadne nordmani",0
"952",3,1997-05-14,14,5,1997,"Evadne nordmani",0
"953",4,1997-05-15,15,5,1997,"Evadne nordmani",0
"954",2,1998-05-01,1,5,1998,"Evadne nordmani",0
"955",3,1998-05-01,1,5,1998,"Evadne nordmani",0
"956",4,1998-05-01,1,5,1998,"Evadne nordmani",0
"957",2,1999-05-07,7,5,1999,"Evadne nordmani",0
"958",3,1999-05-07,7,5,1999,"Evadne nordmani",0
"959",4,1999-05-07,7,5,1999,"Evadne nordmani",0
"960",2,2000-05-25,25,5,2000,"Evadne nordmani",0
"961",3,2000-05-25,25,5,2000,"Evadne nordmani",0
"962",4,2000-05-25,25,5,2000,"Evadne nordmani",0
"963",2,2001-05-28,28,5,2001,"Evadne nordmani",0
"964",3,2001-05-28,28,5,2001,"Evadne nordmani",0
"965",4,2001-05-28,28,5,2001,"Evadne nordmani",0
"966",2,2002-04-22,22,4,2002,"Evadne nordmani",0
"967",3,2002-04-22,22,4,2002,"Evadne nordmani",0
"968",4,2002-04-22,22,4,2002,"Evadne nordmani",0
"969",4,2014-05-21,21,5,2014,"Evadne nordmani",4.44444444444444
"970",2,2015-05-27,27,5,2015,"Evadne nordmani",0
"971",3,2015-05-27,27,5,2015,"Evadne nordmani",0.0394477317554241
"972",4,2015-05-27,27,5,2015,"Evadne nordmani",0.273972602739726
"973",2,2016-04-29,29,4,2016,"Evadne nordmani",0
"974",3,2016-04-29,29,4,2016,"Evadne nordmani",0.727107475573733
"975",4,2016-04-29,29,4,2016,"Evadne nordmani",0
"976",2,1997-05-14,14,5,1997,"Evadne spinifera",0
"977",3,1997-05-14,14,5,1997,"Evadne spinifera",0
"978",4,1997-05-15,15,5,1997,"Evadne spinifera",0
"979",2,1998-05-01,1,5,1998,"Evadne spinifera",0
"980",3,1998-05-01,1,5,1998,"Evadne spinifera",0
"981",4,1998-05-01,1,5,1998,"Evadne spinifera",1.75716042874714
"982",2,1999-05-07,7,5,1999,"Evadne spinifera",0
"983",3,1999-05-07,7,5,1999,"Evadne spinifera",0
"984",4,1999-05-07,7,5,1999,"Evadne spinifera",0
"985",2,2000-05-25,25,5,2000,"Evadne spinifera",0
"986",3,2000-05-25,25,5,2000,"Evadne spinifera",0
"987",4,2000-05-25,25,5,2000,"Evadne spinifera",0
"988",2,2001-05-28,28,5,2001,"Evadne spinifera",0
"989",3,2001-05-28,28,5,2001,"Evadne spinifera",0
"990",4,2001-05-28,28,5,2001,"Evadne spinifera",12.3146666717978
"991",2,2002-04-22,22,4,2002,"Evadne spinifera",0
"992",3,2002-04-22,22,4,2002,"Evadne spinifera",0
"993",4,2002-04-22,22,4,2002,"Evadne spinifera",0
"994",4,2014-05-21,21,5,2014,"Evadne spinifera",0.404040404040404
"995",2,2015-05-27,27,5,2015,"Evadne spinifera",0
"996",3,2015-05-27,27,5,2015,"Evadne spinifera",0
"997",4,2015-05-27,27,5,2015,"Evadne spinifera",10.958904109589
"998",2,2016-04-29,29,4,2016,"Evadne spinifera",0
"999",3,2016-04-29,29,4,2016,"Evadne spinifera",0
"1000",4,2016-04-29,29,4,2016,"Evadne spinifera",0.0838574423480084
"1001",2,1997-05-14,14,5,1997,"Pseudevadne tergestina",0
"1002",3,1997-05-14,14,5,1997,"Pseudevadne tergestina",0
"1003",4,1997-05-15,15,5,1997,"Pseudevadne tergestina",0
"1004",2,1998-05-01,1,5,1998,"Pseudevadne tergestina",0
"1005",3,1998-05-01,1,5,1998,"Pseudevadne tergestina",0
"1006",4,1998-05-01,1,5,1998,"Pseudevadne tergestina",0
"1007",2,1999-05-07,7,5,1999,"Pseudevadne tergestina",0
"1008",3,1999-05-07,7,5,1999,"Pseudevadne tergestina",0
"1009",4,1999-05-07,7,5,1999,"Pseudevadne tergestina",0
"1010",2,2000-05-25,25,5,2000,"Pseudevadne tergestina",0
"1011",3,2000-05-25,25,5,2000,"Pseudevadne tergestina",0
"1012",4,2000-05-25,25,5,2000,"Pseudevadne tergestina",0
"1013",2,2001-05-28,28,5,2001,"Pseudevadne tergestina",0
"1014",3,2001-05-28,28,5,2001,"Pseudevadne tergestina",0
"1015",4,2001-05-28,28,5,2001,"Pseudevadne tergestina",0
"1016",2,2002-04-22,22,4,2002,"Pseudevadne tergestina",0.472076665250437
"1017",3,2002-04-22,22,4,2002,"Pseudevadne tergestina",0.472076665250437
"1018",4,2002-04-22,22,4,2002,"Pseudevadne tergestina",16.901706015951
"1019",4,2014-05-21,21,5,2014,"Pseudevadne tergestina",0
"1020",2,2015-05-27,27,5,2015,"Pseudevadne tergestina",0
"1021",3,2015-05-27,27,5,2015,"Pseudevadne tergestina",0
"1022",4,2015-05-27,27,5,2015,"Pseudevadne tergestina",0.228310502283105
"1023",2,2016-04-29,29,4,2016,"Pseudevadne tergestina",0
"1024",3,2016-04-29,29,4,2016,"Pseudevadne tergestina",0
"1025",4,2016-04-29,29,4,2016,"Pseudevadne tergestina",0
"1026",2,1997-05-14,14,5,1997,"Penilia avirostris",0
"1027",3,1997-05-14,14,5,1997,"Penilia avirostris",0
"1028",4,1997-05-15,15,5,1997,"Penilia avirostris",0
"1029",2,1998-05-01,1,5,1998,"Penilia avirostris",0
"1030",3,1998-05-01,1,5,1998,"Penilia avirostris",0
"1031",4,1998-05-01,1,5,1998,"Penilia avirostris",0
"1032",2,1999-05-07,7,5,1999,"Penilia avirostris",0
"1033",3,1999-05-07,7,5,1999,"Penilia avirostris",0
"1034",4,1999-05-07,7,5,1999,"Penilia avirostris",0
"1035",2,2000-05-25,25,5,2000,"Penilia avirostris",0
"1036",3,2000-05-25,25,5,2000,"Penilia avirostris",0
"1037",4,2000-05-25,25,5,2000,"Penilia avirostris",0
"1038",2,2001-05-28,28,5,2001,"Penilia avirostris",0
"1039",3,2001-05-28,28,5,2001,"Penilia avirostris",0
"1040",4,2001-05-28,28,5,2001,"Penilia avirostris",30.7866666794944
"1041",2,2002-04-22,22,4,2002,"Penilia avirostris",0
"1042",3,2002-04-22,22,4,2002,"Penilia avirostris",0
"1043",4,2002-04-22,22,4,2002,"Penilia avirostris",0
"1044",4,2014-05-21,21,5,2014,"Penilia avirostris",80.8080808080808
"1045",2,2015-05-27,27,5,2015,"Penilia avirostris",0
"1046",3,2015-05-27,27,5,2015,"Penilia avirostris",0
"1047",4,2015-05-27,27,5,2015,"Penilia avirostris",3.65296803652968
"1048",2,2016-04-29,29,4,2016,"Penilia avirostris",0
"1049",3,2016-04-29,29,4,2016,"Penilia avirostris",0
"1050",4,2016-04-29,29,4,2016,"Penilia avirostris",0
"1051",2,1997-05-14,14,5,1997,"Podonidae ind ",0
"1052",3,1997-05-14,14,5,1997,"Podonidae ind ",3.63462892710297
"1053",4,1997-05-15,15,5,1997,"Podonidae ind ",0
"1054",2,1998-05-01,1,5,1998,"Podonidae ind ",0
"1055",3,1998-05-01,1,5,1998,"Podonidae ind ",0
"1056",4,1998-05-01,1,5,1998,"Podonidae ind ",0
"1057",2,1999-05-07,7,5,1999,"Podonidae ind ",0
"1058",3,1999-05-07,7,5,1999,"Podonidae ind ",1.15901715345387
"1059",4,1999-05-07,7,5,1999,"Podonidae ind ",0
"1060",2,2000-05-25,25,5,2000,"Podonidae ind ",0
"1061",3,2000-05-25,25,5,2000,"Podonidae ind ",1.84111203166713
"1062",4,2000-05-25,25,5,2000,"Podonidae ind ",847.714199212837
"1063",2,2001-05-28,28,5,2001,"Podonidae ind ",6.90156924430692
"1064",3,2001-05-28,28,5,2001,"Podonidae ind ",86.8396222476432
"1065",4,2001-05-28,28,5,2001,"Podonidae ind ",524.91266688538
"1066",2,2002-04-22,22,4,2002,"Podonidae ind ",0
"1067",3,2002-04-22,22,4,2002,"Podonidae ind ",0
"1068",4,2002-04-22,22,4,2002,"Podonidae ind ",0
"1069",4,2014-05-21,21,5,2014,"Podonidae ind ",1046.46464646465
"1070",2,2015-05-27,27,5,2015,"Podonidae ind ",2.73504273504274
"1071",3,2015-05-27,27,5,2015,"Podonidae ind ",20.5128205128205
"1072",4,2015-05-27,27,5,2015,"Podonidae ind ",29.2237442922374
"1073",2,2016-04-29,29,4,2016,"Podonidae ind ",0.367816091954023
"1074",3,2016-04-29,29,4,2016,"Podonidae ind ",6.5439672801636
"1075",4,2016-04-29,29,4,2016,"Podonidae ind ",19.2872117400419
"1076",2,1997-05-14,14,5,1997,"Phoronida larva actinotroca",0
"1077",3,1997-05-14,14,5,1997,"Phoronida larva actinotroca",0
"1078",4,1997-05-15,15,5,1997,"Phoronida larva actinotroca",0
"1079",2,1998-05-01,1,5,1998,"Phoronida larva actinotroca",0
"1080",3,1998-05-01,1,5,1998,"Phoronida larva actinotroca",0
"1081",4,1998-05-01,1,5,1998,"Phoronida larva actinotroca",0
"1082",2,1999-05-07,7,5,1999,"Phoronida larva actinotroca",0
"1083",3,1999-05-07,7,5,1999,"Phoronida larva actinotroca",0
"1084",4,1999-05-07,7,5,1999,"Phoronida larva actinotroca",0
"1085",2,2000-05-25,25,5,2000,"Phoronida larva actinotroca",0
"1086",3,2000-05-25,25,5,2000,"Phoronida larva actinotroca",0
"1087",4,2000-05-25,25,5,2000,"Phoronida larva actinotroca",0
"1088",2,2001-05-28,28,5,2001,"Phoronida larva actinotroca",0
"1089",3,2001-05-28,28,5,2001,"Phoronida larva actinotroca",0
"1090",4,2001-05-28,28,5,2001,"Phoronida larva actinotroca",0
"1091",2,2002-04-22,22,4,2002,"Phoronida larva actinotroca",0
"1092",3,2002-04-22,22,4,2002,"Phoronida larva actinotroca",0
"1093",4,2002-04-22,22,4,2002,"Phoronida larva actinotroca",0
"1094",4,2014-05-21,21,5,2014,"Phoronida larva actinotroca",4.04040404040404
"1095",2,2015-05-27,27,5,2015,"Phoronida larva actinotroca",2.73504273504274
"1096",3,2015-05-27,27,5,2015,"Phoronida larva actinotroca",0
"1097",4,2015-05-27,27,5,2015,"Phoronida larva actinotroca",0.045662100456621
"1098",2,2016-04-29,29,4,2016,"Phoronida larva actinotroca",0.122605363984674
"1099",3,2016-04-29,29,4,2016,"Phoronida larva actinotroca",0
"1100",4,2016-04-29,29,4,2016,"Phoronida larva actinotroca",3.35429769392034
"1101",2,1997-05-14,14,5,1997,"Amphipoda ind ",0
"1102",3,1997-05-14,14,5,1997,"Amphipoda ind ",0
"1103",4,1997-05-15,15,5,1997,"Amphipoda ind ",0
"1104",2,1998-05-01,1,5,1998,"Amphipoda ind ",0
"1105",3,1998-05-01,1,5,1998,"Amphipoda ind ",0.648760866744518
"1106",4,1998-05-01,1,5,1998,"Amphipoda ind ",0
"1107",2,1999-05-07,7,5,1999,"Amphipoda ind ",0
"1108",3,1999-05-07,7,5,1999,"Amphipoda ind ",0
"1109",4,1999-05-07,7,5,1999,"Amphipoda ind ",0
"1110",2,2000-05-25,25,5,2000,"Amphipoda ind ",0
"1111",3,2000-05-25,25,5,2000,"Amphipoda ind ",0
"1112",4,2000-05-25,25,5,2000,"Amphipoda ind ",0
"1113",2,2001-05-28,28,5,2001,"Amphipoda ind ",0
"1114",3,2001-05-28,28,5,2001,"Amphipoda ind ",1.1133284903544
"1115",4,2001-05-28,28,5,2001,"Amphipoda ind ",0
"1116",2,2002-04-22,22,4,2002,"Amphipoda ind ",0
"1117",3,2002-04-22,22,4,2002,"Amphipoda ind ",0
"1118",4,2002-04-22,22,4,2002,"Amphipoda ind ",0
"1119",4,2014-05-21,21,5,2014,"Amphipoda ind ",0
"1120",2,2015-05-27,27,5,2015,"Amphipoda ind ",0.341880341880342
"1121",3,2015-05-27,27,5,2015,"Amphipoda ind ",0.118343195266272
"1122",4,2015-05-27,27,5,2015,"Amphipoda ind ",0
"1123",2,2016-04-29,29,4,2016,"Amphipoda ind ",0.0613026819923372
"1124",3,2016-04-29,29,4,2016,"Amphipoda ind ",0.781640536241763
"1125",4,2016-04-29,29,4,2016,"Amphipoda ind ",0
"1126",2,1997-05-14,14,5,1997,"Appendicularia ind ",0
"1127",3,1997-05-14,14,5,1997,"Appendicularia ind ",0
"1128",4,1997-05-15,15,5,1997,"Appendicularia ind ",0
"1129",2,1998-05-01,1,5,1998,"Appendicularia ind ",0
"1130",3,1998-05-01,1,5,1998,"Appendicularia ind ",0
"1131",4,1998-05-01,1,5,1998,"Appendicularia ind ",6.35256749602964
"1132",2,1999-05-07,7,5,1999,"Appendicularia ind ",0
"1133",3,1999-05-07,7,5,1999,"Appendicularia ind ",0
"1134",4,1999-05-07,7,5,1999,"Appendicularia ind ",1.93271727970043
"1135",2,2000-05-25,25,5,2000,"Appendicularia ind ",0.925925925925926
"1136",3,2000-05-25,25,5,2000,"Appendicularia ind ",0
"1137",4,2000-05-25,25,5,2000,"Appendicularia ind ",0
"1138",2,2001-05-28,28,5,2001,"Appendicularia ind ",0
"1139",3,2001-05-28,28,5,2001,"Appendicularia ind ",1.1133284903544
"1140",4,2001-05-28,28,5,2001,"Appendicularia ind ",21.5506666756461
"1141",2,2002-04-22,22,4,2002,"Appendicularia ind ",0
"1142",3,2002-04-22,22,4,2002,"Appendicularia ind ",0
"1143",4,2002-04-22,22,4,2002,"Appendicularia ind ",0
"1144",4,2014-05-21,21,5,2014,"Appendicularia ind ",141.414141414141
"1145",2,2015-05-27,27,5,2015,"Appendicularia ind ",60.1709401709402
"1146",3,2015-05-27,27,5,2015,"Appendicularia ind ",6.31163708086785
"1147",4,2015-05-27,27,5,2015,"Appendicularia ind ",142.465753424658
"1148",2,2016-04-29,29,4,2016,"Appendicularia ind ",3.49425287356322
"1149",3,2016-04-29,29,4,2016,"Appendicularia ind ",3.63553737786867
"1150",4,2016-04-29,29,4,2016,"Appendicularia ind ",65.4088050314465
"1151",2,1997-05-14,14,5,1997,"Ascidiacea larva giriniforme",0
"1152",3,1997-05-14,14,5,1997,"Ascidiacea larva giriniforme",0
"1153",4,1997-05-15,15,5,1997,"Ascidiacea larva giriniforme",0
"1154",2,1998-05-01,1,5,1998,"Ascidiacea larva giriniforme",2.16274668829413
"1155",3,1998-05-01,1,5,1998,"Ascidiacea larva giriniforme",1.12962439988704
"1156",4,1998-05-01,1,5,1998,"Ascidiacea larva giriniforme",8.47008999470619
"1157",2,1999-05-07,7,5,1999,"Ascidiacea larva giriniforme",0
"1158",3,1999-05-07,7,5,1999,"Ascidiacea larva giriniforme",0
"1159",4,1999-05-07,7,5,1999,"Ascidiacea larva giriniforme",0
"1160",2,2000-05-25,25,5,2000,"Ascidiacea larva giriniforme",0
"1161",3,2000-05-25,25,5,2000,"Ascidiacea larva giriniforme",0
"1162",4,2000-05-25,25,5,2000,"Ascidiacea larva giriniforme",0
"1163",2,2001-05-28,28,5,2001,"Ascidiacea larva giriniforme",0
"1164",3,2001-05-28,28,5,2001,"Ascidiacea larva giriniforme",3.3399854710632
"1165",4,2001-05-28,28,5,2001,"Ascidiacea larva giriniforme",0
"1166",2,2002-04-22,22,4,2002,"Ascidiacea larva giriniforme",0
"1167",3,2002-04-22,22,4,2002,"Ascidiacea larva giriniforme",0
"1168",4,2002-04-22,22,4,2002,"Ascidiacea larva giriniforme",0
"1169",4,2014-05-21,21,5,2014,"Ascidiacea larva giriniforme",0.404040404040404
"1170",2,2015-05-27,27,5,2015,"Ascidiacea larva giriniforme",10.9401709401709
"1171",3,2015-05-27,27,5,2015,"Ascidiacea larva giriniforme",0.19723865877712
"1172",4,2015-05-27,27,5,2015,"Ascidiacea larva giriniforme",1.23287671232877
"1173",2,2016-04-29,29,4,2016,"Ascidiacea larva giriniforme",0.367816091954023
"1174",3,2016-04-29,29,4,2016,"Ascidiacea larva giriniforme",0
"1175",4,2016-04-29,29,4,2016,"Ascidiacea larva giriniforme",0
"1176",2,1997-05-14,14,5,1997,"Bivalvia larve ind ",1.90267801931218
"1177",3,1997-05-14,14,5,1997,"Bivalvia larve ind ",21.8077735626178
"1178",4,1997-05-15,15,5,1997,"Bivalvia larve ind ",0
"1179",2,1998-05-01,1,5,1998,"Bivalvia larve ind ",22.0588165654694
"1180",3,1998-05-01,1,5,1998,"Bivalvia larve ind ",102.375344199611
"1181",4,1998-05-01,1,5,1998,"Bivalvia larve ind ",114.931935071449
"1182",2,1999-05-07,7,5,1999,"Bivalvia larve ind ",0
"1183",3,1999-05-07,7,5,1999,"Bivalvia larve ind ",1.15901715345387
"1184",4,1999-05-07,7,5,1999,"Bivalvia larve ind ",15.4617382376034
"1185",2,2000-05-25,25,5,2000,"Bivalvia larve ind ",0.925925925925926
"1186",3,2000-05-25,25,5,2000,"Bivalvia larve ind ",0.920556015833563
"1187",4,2000-05-25,25,5,2000,"Bivalvia larve ind ",32.2938742557271
"1188",2,2001-05-28,28,5,2001,"Bivalvia larve ind ",2.30052308143564
"1189",3,2001-05-28,28,5,2001,"Bivalvia larve ind ",1.1133284903544
"1190",4,2001-05-28,28,5,2001,"Bivalvia larve ind ",0
"1191",2,2002-04-22,22,4,2002,"Bivalvia larve ind ",0.236038332625218
"1192",3,2002-04-22,22,4,2002,"Bivalvia larve ind ",0.472076665250437
"1193",4,2002-04-22,22,4,2002,"Bivalvia larve ind ",4.22542650398775
"1194",4,2014-05-21,21,5,2014,"Bivalvia larve ind ",44.4444444444444
"1195",2,2015-05-27,27,5,2015,"Bivalvia larve ind ",5.47008547008547
"1196",3,2015-05-27,27,5,2015,"Bivalvia larve ind ",6.31163708086785
"1197",4,2015-05-27,27,5,2015,"Bivalvia larve ind ",0.228310502283105
"1198",2,2016-04-29,29,4,2016,"Bivalvia larve ind ",0.122605363984674
"1199",3,2016-04-29,29,4,2016,"Bivalvia larve ind ",0.10906612133606
"1200",4,2016-04-29,29,4,2016,"Bivalvia larve ind ",10.9014675052411
"1201",2,1997-05-14,14,5,1997,"Branchiostoma larvae",0
"1202",3,1997-05-14,14,5,1997,"Branchiostoma larvae",0
"1203",4,1997-05-15,15,5,1997,"Branchiostoma larvae",0
"1204",2,1998-05-01,1,5,1998,"Branchiostoma larvae",0
"1205",3,1998-05-01,1,5,1998,"Branchiostoma larvae",0
"1206",4,1998-05-01,1,5,1998,"Branchiostoma larvae",0
"1207",2,1999-05-07,7,5,1999,"Branchiostoma larvae",0
"1208",3,1999-05-07,7,5,1999,"Branchiostoma larvae",0
"1209",4,1999-05-07,7,5,1999,"Branchiostoma larvae",0
"1210",2,2000-05-25,25,5,2000,"Branchiostoma larvae",0
"1211",3,2000-05-25,25,5,2000,"Branchiostoma larvae",0
"1212",4,2000-05-25,25,5,2000,"Branchiostoma larvae",0
"1213",2,2001-05-28,28,5,2001,"Branchiostoma larvae",0
"1214",3,2001-05-28,28,5,2001,"Branchiostoma larvae",0
"1215",4,2001-05-28,28,5,2001,"Branchiostoma larvae",0
"1216",2,2002-04-22,22,4,2002,"Branchiostoma larvae",0
"1217",3,2002-04-22,22,4,2002,"Branchiostoma larvae",0
"1218",4,2002-04-22,22,4,2002,"Branchiostoma larvae",0
"1219",4,2014-05-21,21,5,2014,"Branchiostoma larvae",0
"1220",2,2015-05-27,27,5,2015,"Branchiostoma larvae",0
"1221",3,2015-05-27,27,5,2015,"Branchiostoma larvae",0
"1222",4,2015-05-27,27,5,2015,"Branchiostoma larvae",0
"1223",2,2016-04-29,29,4,2016,"Branchiostoma larvae",0
"1224",3,2016-04-29,29,4,2016,"Branchiostoma larvae",0
"1225",4,2016-04-29,29,4,2016,"Branchiostoma larvae",49.475890985325
"1226",2,1997-05-14,14,5,1997,"Cnidaria ind ",0
"1227",3,1997-05-14,14,5,1997,"Cnidaria ind ",0
"1228",4,1997-05-15,15,5,1997,"Cnidaria ind ",0
"1229",2,1998-05-01,1,5,1998,"Cnidaria ind ",0
"1230",3,1998-05-01,1,5,1998,"Cnidaria ind ",0
"1231",4,1998-05-01,1,5,1998,"Cnidaria ind ",0
"1232",2,1999-05-07,7,5,1999,"Cnidaria ind ",0
"1233",3,1999-05-07,7,5,1999,"Cnidaria ind ",0
"1234",4,1999-05-07,7,5,1999,"Cnidaria ind ",0
"1235",2,2000-05-25,25,5,2000,"Cnidaria ind ",0
"1236",3,2000-05-25,25,5,2000,"Cnidaria ind ",0
"1237",4,2000-05-25,25,5,2000,"Cnidaria ind ",0
"1238",2,2001-05-28,28,5,2001,"Cnidaria ind ",0
"1239",3,2001-05-28,28,5,2001,"Cnidaria ind ",0
"1240",4,2001-05-28,28,5,2001,"Cnidaria ind ",0
"1241",2,2002-04-22,22,4,2002,"Cnidaria ind ",0
"1242",3,2002-04-22,22,4,2002,"Cnidaria ind ",0
"1243",4,2002-04-22,22,4,2002,"Cnidaria ind ",0
"1244",4,2014-05-21,21,5,2014,"Cnidaria ind ",0
"1245",2,2015-05-27,27,5,2015,"Cnidaria ind ",0
"1246",3,2015-05-27,27,5,2015,"Cnidaria ind ",0
"1247",4,2015-05-27,27,5,2015,"Cnidaria ind ",0
"1248",2,2016-04-29,29,4,2016,"Cnidaria ind ",0
"1249",3,2016-04-29,29,4,2016,"Cnidaria ind ",0.727107475573733
"1250",4,2016-04-29,29,4,2016,"Cnidaria ind ",0.838574423480084
"1251",2,1997-05-14,14,5,1997,"Celenterata",0
"1252",3,1997-05-14,14,5,1997,"Celenterata",0
"1253",4,1997-05-15,15,5,1997,"Celenterata",0
"1254",2,1998-05-01,1,5,1998,"Celenterata",0
"1255",3,1998-05-01,1,5,1998,"Celenterata",2.25924879977407
"1256",4,1998-05-01,1,5,1998,"Celenterata",0
"1257",2,1999-05-07,7,5,1999,"Celenterata",0
"1258",3,1999-05-07,7,5,1999,"Celenterata",0
"1259",4,1999-05-07,7,5,1999,"Celenterata",0
"1260",2,2000-05-25,25,5,2000,"Celenterata",0
"1261",3,2000-05-25,25,5,2000,"Celenterata",0
"1262",4,2000-05-25,25,5,2000,"Celenterata",0
"1263",2,2001-05-28,28,5,2001,"Celenterata",0
"1264",3,2001-05-28,28,5,2001,"Celenterata",0
"1265",4,2001-05-28,28,5,2001,"Celenterata",0
"1266",2,2002-04-22,22,4,2002,"Celenterata",0.708114997875655
"1267",3,2002-04-22,22,4,2002,"Celenterata",0.472076665250437
"1268",4,2002-04-22,22,4,2002,"Celenterata",0.472076665250437
"1269",4,2014-05-21,21,5,2014,"Celenterata",0
"1270",2,2015-05-27,27,5,2015,"Celenterata",0
"1271",3,2015-05-27,27,5,2015,"Celenterata",0
"1272",4,2015-05-27,27,5,2015,"Celenterata",0
"1273",2,2016-04-29,29,4,2016,"Celenterata",0
"1274",3,2016-04-29,29,4,2016,"Celenterata",0
"1275",4,2016-04-29,29,4,2016,"Celenterata",0
"1276",2,1997-05-14,14,5,1997,"Chaetognatha ind ",0
"1277",3,1997-05-14,14,5,1997,"Chaetognatha ind ",0
"1278",4,1997-05-15,15,5,1997,"Chaetognatha ind ",3.89317137740403
"1279",2,1998-05-01,1,5,1998,"Chaetognatha ind ",0
"1280",3,1998-05-01,1,5,1998,"Chaetognatha ind ",0
"1281",4,1998-05-01,1,5,1998,"Chaetognatha ind ",13.290855134975
"1282",2,1999-05-07,7,5,1999,"Chaetognatha ind ",0
"1283",3,1999-05-07,7,5,1999,"Chaetognatha ind ",0
"1284",4,1999-05-07,7,5,1999,"Chaetognatha ind ",0
"1285",2,2000-05-25,25,5,2000,"Chaetognatha ind ",0
"1286",3,2000-05-25,25,5,2000,"Chaetognatha ind ",0
"1287",4,2000-05-25,25,5,2000,"Chaetognatha ind ",12.1102028458977
"1288",2,2001-05-28,28,5,2001,"Chaetognatha ind ",0
"1289",3,2001-05-28,28,5,2001,"Chaetognatha ind ",1.1133284903544
"1290",4,2001-05-28,28,5,2001,"Chaetognatha ind ",1.53933333397472
"1291",2,2002-04-22,22,4,2002,"Chaetognatha ind ",0.472076665250437
"1292",3,2002-04-22,22,4,2002,"Chaetognatha ind ",0.472076665250437
"1293",4,2002-04-22,22,4,2002,"Chaetognatha ind ",4.22542650398775
"1294",4,2014-05-21,21,5,2014,"Chaetognatha ind ",8.08080808080808
"1295",2,2015-05-27,27,5,2015,"Chaetognatha ind ",2.73504273504274
"1296",3,2015-05-27,27,5,2015,"Chaetognatha ind ",0.749506903353057
"1297",4,2015-05-27,27,5,2015,"Chaetognatha ind ",1.14155251141553
"1298",2,2016-04-29,29,4,2016,"Chaetognatha ind ",0.122605363984674
"1299",3,2016-04-29,29,4,2016,"Chaetognatha ind ",1.45421495114747
"1300",4,2016-04-29,29,4,2016,"Chaetognatha ind ",10.062893081761
"1301",2,1997-05-14,14,5,1997,"Cirripedia larve ind ",0
"1302",3,1997-05-14,14,5,1997,"Cirripedia larve ind ",0
"1303",4,1997-05-15,15,5,1997,"Cirripedia larve ind ",0
"1304",2,1998-05-01,1,5,1998,"Cirripedia larve ind ",0
"1305",3,1998-05-01,1,5,1998,"Cirripedia larve ind ",0
"1306",4,1998-05-01,1,5,1998,"Cirripedia larve ind ",0
"1307",2,1999-05-07,7,5,1999,"Cirripedia larve ind ",0
"1308",3,1999-05-07,7,5,1999,"Cirripedia larve ind ",0
"1309",4,1999-05-07,7,5,1999,"Cirripedia larve ind ",0
"1310",2,2000-05-25,25,5,2000,"Cirripedia larve ind ",0
"1311",3,2000-05-25,25,5,2000,"Cirripedia larve ind ",0
"1312",4,2000-05-25,25,5,2000,"Cirripedia larve ind ",0
"1313",2,2001-05-28,28,5,2001,"Cirripedia larve ind ",0
"1314",3,2001-05-28,28,5,2001,"Cirripedia larve ind ",0
"1315",4,2001-05-28,28,5,2001,"Cirripedia larve ind ",0
"1316",2,2002-04-22,22,4,2002,"Cirripedia larve ind ",0
"1317",3,2002-04-22,22,4,2002,"Cirripedia larve ind ",0
"1318",4,2002-04-22,22,4,2002,"Cirripedia larve ind ",0
"1319",4,2014-05-21,21,5,2014,"Cirripedia larve ind ",24.2424242424242
"1320",2,2015-05-27,27,5,2015,"Cirripedia larve ind ",13.6752136752137
"1321",3,2015-05-27,27,5,2015,"Cirripedia larve ind ",3.35305719921105
"1322",4,2015-05-27,27,5,2015,"Cirripedia larve ind ",10.958904109589
"1323",2,2016-04-29,29,4,2016,"Cirripedia larve ind ",0.306513409961686
"1324",3,2016-04-29,29,4,2016,"Cirripedia larve ind ",0.21813224267212
"1325",4,2016-04-29,29,4,2016,"Cirripedia larve ind ",0
"1326",2,1997-05-14,14,5,1997,"Cirripedia larva nauplius",47.5669504828045
"1327",3,1997-05-14,14,5,1997,"Cirripedia larva nauplius",25.4424024897208
"1328",4,1997-05-15,15,5,1997,"Cirripedia larva nauplius",3.89317137740403
"1329",2,1998-05-01,1,5,1998,"Cirripedia larva nauplius",7.48760866744518
"1330",3,1998-05-01,1,5,1998,"Cirripedia larva nauplius",3.89256520046711
"1331",4,1998-05-01,1,5,1998,"Cirripedia larva nauplius",2
"1332",2,1999-05-07,7,5,1999,"Cirripedia larva nauplius",1.39033715676051
"1333",3,1999-05-07,7,5,1999,"Cirripedia larva nauplius",2.31803430690774
"1334",4,1999-05-07,7,5,1999,"Cirripedia larva nauplius",5.79815183910129
"1335",2,2000-05-25,25,5,2000,"Cirripedia larva nauplius",80.5555555555555
"1336",3,2000-05-25,25,5,2000,"Cirripedia larva nauplius",3.68222406333425
"1337",4,2000-05-25,25,5,2000,"Cirripedia larva nauplius",0
"1338",2,2001-05-28,28,5,2001,"Cirripedia larva nauplius",1.15026154071782
"1339",3,2001-05-28,28,5,2001,"Cirripedia larva nauplius",4.4533139614176
"1340",4,2001-05-28,28,5,2001,"Cirripedia larva nauplius",15.3933333397472
"1341",2,2002-04-22,22,4,2002,"Cirripedia larva nauplius",0.944153330500873
"1342",3,2002-04-22,22,4,2002,"Cirripedia larva nauplius",0.472076665250437
"1343",4,2002-04-22,22,4,2002,"Cirripedia larva nauplius",12.6762795119632
"1344",4,2014-05-21,21,5,2014,"Cirripedia larva nauplius",0
"1345",2,2015-05-27,27,5,2015,"Cirripedia larva nauplius",0
"1346",3,2015-05-27,27,5,2015,"Cirripedia larva nauplius",0
"1347",4,2015-05-27,27,5,2015,"Cirripedia larva nauplius",0
"1348",2,2016-04-29,29,4,2016,"Cirripedia larva nauplius",1.77777777777778
"1349",3,2016-04-29,29,4,2016,"Cirripedia larva nauplius",2.90842990229493
"1350",4,2016-04-29,29,4,2016,"Cirripedia larva nauplius",1.67714884696017
"1351",2,1997-05-14,14,5,1997,"Cumacea",0
"1352",3,1997-05-14,14,5,1997,"Cumacea",0
"1353",4,1997-05-15,15,5,1997,"Cumacea",0
"1354",2,1998-05-01,1,5,1998,"Cumacea",0
"1355",3,1998-05-01,1,5,1998,"Cumacea",0
"1356",4,1998-05-01,1,5,1998,"Cumacea",0
"1357",2,1999-05-07,7,5,1999,"Cumacea",0
"1358",3,1999-05-07,7,5,1999,"Cumacea",0
"1359",4,1999-05-07,7,5,1999,"Cumacea",0
"1360",2,2000-05-25,25,5,2000,"Cumacea",0
"1361",3,2000-05-25,25,5,2000,"Cumacea",0
"1362",4,2000-05-25,25,5,2000,"Cumacea",0
"1363",2,2001-05-28,28,5,2001,"Cumacea",0.57513077035891
"1364",3,2001-05-28,28,5,2001,"Cumacea",0
"1365",4,2001-05-28,28,5,2001,"Cumacea",0
"1366",2,2002-04-22,22,4,2002,"Cumacea",0
"1367",3,2002-04-22,22,4,2002,"Cumacea",0
"1368",4,2002-04-22,22,4,2002,"Cumacea",0
"1369",4,2014-05-21,21,5,2014,"Cumacea",0.404040404040404
"1370",2,2015-05-27,27,5,2015,"Cumacea",0
"1371",3,2015-05-27,27,5,2015,"Cumacea",0
"1372",4,2015-05-27,27,5,2015,"Cumacea",0
"1373",2,2016-04-29,29,4,2016,"Cumacea",0
"1374",3,2016-04-29,29,4,2016,"Cumacea",0.16359918200409
"1375",4,2016-04-29,29,4,2016,"Cumacea",0
"1376",2,1997-05-14,14,5,1997,"Decapoda larve ind ",24.7348142510584
"1377",3,1997-05-14,14,5,1997,"Decapoda larve ind ",32.7116603439268
"1378",4,1997-05-15,15,5,1997,"Decapoda larve ind ",284.201510550494
"1379",2,1998-05-01,1,5,1998,"Decapoda larve ind ",0
"1380",3,1998-05-01,1,5,1998,"Decapoda larve ind ",1.94628260023355
"1381",4,1998-05-01,1,5,1998,"Decapoda larve ind ",0
"1382",2,1999-05-07,7,5,1999,"Decapoda larve ind ",12.5130344108446
"1383",3,1999-05-07,7,5,1999,"Decapoda larve ind ",69.5410292072323
"1384",4,1999-05-07,7,5,1999,"Decapoda larve ind ",417.466932415293
"1385",2,2000-05-25,25,5,2000,"Decapoda larve ind ",6.48148148148148
"1386",3,2000-05-25,25,5,2000,"Decapoda larve ind ",9.20556015833563
"1387",4,2000-05-25,25,5,2000,"Decapoda larve ind ",36.330608537693
"1388",2,2001-05-28,28,5,2001,"Decapoda larve ind ",24.7306231254331
"1389",3,2001-05-28,28,5,2001,"Decapoda larve ind ",34.5131832009864
"1390",4,2001-05-28,28,5,2001,"Decapoda larve ind ",32.3260000134692
"1391",2,2002-04-22,22,4,2002,"Decapoda larve ind ",0.472076665250437
"1392",3,2002-04-22,22,4,2002,"Decapoda larve ind ",0.629287017808823
"1393",4,2002-04-22,22,4,2002,"Decapoda larve ind ",4.22542650398775
"1394",4,2014-05-21,21,5,2014,"Decapoda larve ind ",76.7676767676768
"1395",2,2015-05-27,27,5,2015,"Decapoda larve ind ",10.9401709401709
"1396",3,2015-05-27,27,5,2015,"Decapoda larve ind ",3.15581854043393
"1397",4,2015-05-27,27,5,2015,"Decapoda larve ind ",219.178082191781
"1398",2,2016-04-29,29,4,2016,"Decapoda larve ind ",4.7816091954023
"1399",3,2016-04-29,29,4,2016,"Decapoda larve ind ",22.5403317427857
"1400",4,2016-04-29,29,4,2016,"Decapoda larve ind ",1.67714884696017
"1401",2,1997-05-14,14,5,1997,"Echinodermata ind ",0
"1402",3,1997-05-14,14,5,1997,"Echinodermata ind ",0
"1403",4,1997-05-15,15,5,1997,"Echinodermata ind ",0
"1404",2,1998-05-01,1,5,1998,"Echinodermata ind ",0
"1405",3,1998-05-01,1,5,1998,"Echinodermata ind ",0
"1406",4,1998-05-01,1,5,1998,"Echinodermata ind ",0
"1407",2,1999-05-07,7,5,1999,"Echinodermata ind ",0
"1408",3,1999-05-07,7,5,1999,"Echinodermata ind ",0
"1409",4,1999-05-07,7,5,1999,"Echinodermata ind ",11.5963036782026
"1410",2,2000-05-25,25,5,2000,"Echinodermata ind ",0
"1411",3,2000-05-25,25,5,2000,"Echinodermata ind ",0
"1412",4,2000-05-25,25,5,2000,"Echinodermata ind ",0
"1413",2,2001-05-28,28,5,2001,"Echinodermata ind ",0
"1414",3,2001-05-28,28,5,2001,"Echinodermata ind ",0
"1415",4,2001-05-28,28,5,2001,"Echinodermata ind ",0
"1416",2,2002-04-22,22,4,2002,"Echinodermata ind ",0
"1417",3,2002-04-22,22,4,2002,"Echinodermata ind ",0
"1418",4,2002-04-22,22,4,2002,"Echinodermata ind ",0
"1419",4,2014-05-21,21,5,2014,"Echinodermata ind ",153.535353535354
"1420",2,2015-05-27,27,5,2015,"Echinodermata ind ",0.0341880341880342
"1421",3,2015-05-27,27,5,2015,"Echinodermata ind ",0.0394477317554241
"1422",4,2015-05-27,27,5,2015,"Echinodermata ind ",21.9178082191781
"1423",2,2016-04-29,29,4,2016,"Echinodermata ind ",0.919540229885057
"1424",3,2016-04-29,29,4,2016,"Echinodermata ind ",2.1813224267212
"1425",4,2016-04-29,29,4,2016,"Echinodermata ind ",62.0545073375262
"1426",2,1997-05-14,14,5,1997,"Gastropoda larve ind ",3.80535603862436
"1427",3,1997-05-14,14,5,1997,"Gastropoda larve ind ",21.8077735626178
"1428",4,1997-05-15,15,5,1997,"Gastropoda larve ind ",58.3975706610605
"1429",2,1998-05-01,1,5,1998,"Gastropoda larve ind ",0.648760866744518
"1430",3,1998-05-01,1,5,1998,"Gastropoda larve ind ",0
"1431",4,1998-05-01,1,5,1998,"Gastropoda larve ind ",0
"1432",2,1999-05-07,7,5,1999,"Gastropoda larve ind ",0
"1433",3,1999-05-07,7,5,1999,"Gastropoda larve ind ",5.79508576726936
"1434",4,1999-05-07,7,5,1999,"Gastropoda larve ind ",77.3086911880171
"1435",2,2000-05-25,25,5,2000,"Gastropoda larve ind ",0.925925925925926
"1436",3,2000-05-25,25,5,2000,"Gastropoda larve ind ",0.920556015833563
"1437",4,2000-05-25,25,5,2000,"Gastropoda larve ind ",1364.41618730447
"1438",2,2001-05-28,28,5,2001,"Gastropoda larve ind ",1.15026154071782
"1439",3,2001-05-28,28,5,2001,"Gastropoda larve ind ",1.1133284903544
"1440",4,2001-05-28,28,5,2001,"Gastropoda larve ind ",6.15733333589889
"1441",2,2002-04-22,22,4,2002,"Gastropoda larve ind ",1.41622999575131
"1442",3,2002-04-22,22,4,2002,"Gastropoda larve ind ",0.314643508904411
"1443",4,2002-04-22,22,4,2002,"Gastropoda larve ind ",67.6068240638039
"1444",4,2014-05-21,21,5,2014,"Gastropoda larve ind ",52.5252525252525
"1445",2,2015-05-27,27,5,2015,"Gastropoda larve ind ",10.9401709401709
"1446",3,2015-05-27,27,5,2015,"Gastropoda larve ind ",9.46745562130178
"1447",4,2015-05-27,27,5,2015,"Gastropoda larve ind ",84.0182648401827
"1448",2,2016-04-29,29,4,2016,"Gastropoda larve ind ",2.32950191570881
"1449",3,2016-04-29,29,4,2016,"Gastropoda larve ind ",11.6337196091797
"1450",4,2016-04-29,29,4,2016,"Gastropoda larve ind ",46.1215932914046
"1451",2,1997-05-14,14,5,1997,"Hydrozoa ind ",0
"1452",3,1997-05-14,14,5,1997,"Hydrozoa ind ",0
"1453",4,1997-05-15,15,5,1997,"Hydrozoa ind ",0
"1454",2,1998-05-01,1,5,1998,"Hydrozoa ind ",0
"1455",3,1998-05-01,1,5,1998,"Hydrozoa ind ",0
"1456",4,1998-05-01,1,5,1998,"Hydrozoa ind ",0
"1457",2,1999-05-07,7,5,1999,"Hydrozoa ind ",0
"1458",3,1999-05-07,7,5,1999,"Hydrozoa ind ",0
"1459",4,1999-05-07,7,5,1999,"Hydrozoa ind ",0
"1460",2,2000-05-25,25,5,2000,"Hydrozoa ind ",0
"1461",3,2000-05-25,25,5,2000,"Hydrozoa ind ",0
"1462",4,2000-05-25,25,5,2000,"Hydrozoa ind ",0
"1463",2,2001-05-28,28,5,2001,"Hydrozoa ind ",0
"1464",3,2001-05-28,28,5,2001,"Hydrozoa ind ",0
"1465",4,2001-05-28,28,5,2001,"Hydrozoa ind ",0
"1466",2,2002-04-22,22,4,2002,"Hydrozoa ind ",0
"1467",3,2002-04-22,22,4,2002,"Hydrozoa ind ",0
"1468",4,2002-04-22,22,4,2002,"Hydrozoa ind ",0
"1469",4,2014-05-21,21,5,2014,"Hydrozoa ind ",4.04040404040404
"1470",2,2015-05-27,27,5,2015,"Hydrozoa ind ",8.2051282051282
"1471",3,2015-05-27,27,5,2015,"Hydrozoa ind ",1.22287968441815
"1472",4,2015-05-27,27,5,2015,"Hydrozoa ind ",0.091324200913242
"1473",2,2016-04-29,29,4,2016,"Hydrozoa ind ",0.245210727969349
"1474",3,2016-04-29,29,4,2016,"Hydrozoa ind ",1.45421495114747
"1475",4,2016-04-29,29,4,2016,"Hydrozoa ind ",0.0838574423480084
"1476",2,1997-05-14,14,5,1997,"Isopoda",0
"1477",3,1997-05-14,14,5,1997,"Isopoda",0
"1478",4,1997-05-15,15,5,1997,"Isopoda",0
"1479",2,1998-05-01,1,5,1998,"Isopoda",0
"1480",3,1998-05-01,1,5,1998,"Isopoda",0
"1481",4,1998-05-01,1,5,1998,"Isopoda",0
"1482",2,1999-05-07,7,5,1999,"Isopoda",0
"1483",3,1999-05-07,7,5,1999,"Isopoda",0
"1484",4,1999-05-07,7,5,1999,"Isopoda",0
"1485",2,2000-05-25,25,5,2000,"Isopoda",0
"1486",3,2000-05-25,25,5,2000,"Isopoda",0
"1487",4,2000-05-25,25,5,2000,"Isopoda",0
"1488",2,2001-05-28,28,5,2001,"Isopoda",0
"1489",3,2001-05-28,28,5,2001,"Isopoda",0
"1490",4,2001-05-28,28,5,2001,"Isopoda",0
"1491",2,2002-04-22,22,4,2002,"Isopoda",0
"1492",3,2002-04-22,22,4,2002,"Isopoda",0
"1493",4,2002-04-22,22,4,2002,"Isopoda",0
"1494",4,2014-05-21,21,5,2014,"Isopoda",0
"1495",2,2015-05-27,27,5,2015,"Isopoda",2.73504273504274
"1496",3,2015-05-27,27,5,2015,"Isopoda",0.19723865877712
"1497",4,2015-05-27,27,5,2015,"Isopoda",0.182648401826484
"1498",2,2016-04-29,29,4,2016,"Isopoda",0.183908045977011
"1499",3,2016-04-29,29,4,2016,"Isopoda",0.05453306066803
"1500",4,2016-04-29,29,4,2016,"Isopoda",0
"1501",2,1997-05-14,14,5,1997,"Mysida ind ",0
"1502",3,1997-05-14,14,5,1997,"Mysida ind ",7.26925785420595
"1503",4,1997-05-15,15,5,1997,"Mysida ind ",0
"1504",2,1998-05-01,1,5,1998,"Mysida ind ",0
"1505",3,1998-05-01,1,5,1998,"Mysida ind ",0.648760866744518
"1506",4,1998-05-01,1,5,1998,"Mysida ind ",2.11752249867655
"1507",2,1999-05-07,7,5,1999,"Mysida ind ",1.39033715676051
"1508",3,1999-05-07,7,5,1999,"Mysida ind ",0
"1509",4,1999-05-07,7,5,1999,"Mysida ind ",1.93271727970043
"1510",2,2000-05-25,25,5,2000,"Mysida ind ",0.925925925925926
"1511",3,2000-05-25,25,5,2000,"Mysida ind ",0
"1512",4,2000-05-25,25,5,2000,"Mysida ind ",0
"1513",2,2001-05-28,28,5,2001,"Mysida ind ",0
"1514",3,2001-05-28,28,5,2001,"Mysida ind ",0
"1515",4,2001-05-28,28,5,2001,"Mysida ind ",3.07866666794944
"1516",2,2002-04-22,22,4,2002,"Mysida ind ",0.472076665250437
"1517",3,2002-04-22,22,4,2002,"Mysida ind ",0.472076665250437
"1518",4,2002-04-22,22,4,2002,"Mysida ind ",0.472076665250437
"1519",4,2014-05-21,21,5,2014,"Mysida ind ",0
"1520",2,2015-05-27,27,5,2015,"Mysida ind ",0
"1521",3,2015-05-27,27,5,2015,"Mysida ind ",0.0394477317554241
"1522",4,2015-05-27,27,5,2015,"Mysida ind ",0
"1523",2,2016-04-29,29,4,2016,"Mysida ind ",0
"1524",3,2016-04-29,29,4,2016,"Mysida ind ",0.05453306066803
"1525",4,2016-04-29,29,4,2016,"Mysida ind ",0
"1526",2,1997-05-14,14,5,1997,"Nematoda",0
"1527",3,1997-05-14,14,5,1997,"Nematoda",0
"1528",4,1997-05-15,15,5,1997,"Nematoda",0
"1529",2,1998-05-01,1,5,1998,"Nematoda",1.08137334414707
"1530",3,1998-05-01,1,5,1998,"Nematoda",2.25924879977407
"1531",4,1998-05-01,1,5,1998,"Nematoda",0
"1532",2,1999-05-07,7,5,1999,"Nematoda",0
"1533",3,1999-05-07,7,5,1999,"Nematoda",0
"1534",4,1999-05-07,7,5,1999,"Nematoda",0
"1535",2,2000-05-25,25,5,2000,"Nematoda",0
"1536",3,2000-05-25,25,5,2000,"Nematoda",0
"1537",4,2000-05-25,25,5,2000,"Nematoda",0
"1538",2,2001-05-28,28,5,2001,"Nematoda",0
"1539",3,2001-05-28,28,5,2001,"Nematoda",0
"1540",4,2001-05-28,28,5,2001,"Nematoda",0
"1541",2,2002-04-22,22,4,2002,"Nematoda",0
"1542",3,2002-04-22,22,4,2002,"Nematoda",0
"1543",4,2002-04-22,22,4,2002,"Nematoda",0
"1544",4,2014-05-21,21,5,2014,"Nematoda",0
"1545",2,2015-05-27,27,5,2015,"Nematoda",0
"1546",3,2015-05-27,27,5,2015,"Nematoda",0
"1547",4,2015-05-27,27,5,2015,"Nematoda",0
"1548",2,2016-04-29,29,4,2016,"Nematoda",0
"1549",3,2016-04-29,29,4,2016,"Nematoda",0
"1550",4,2016-04-29,29,4,2016,"Nematoda",0
"1551",2,1997-05-14,14,5,1997,"Ostracoda ind ",0
"1552",3,1997-05-14,14,5,1997,"Ostracoda ind ",0
"1553",4,1997-05-15,15,5,1997,"Ostracoda ind ",0
"1554",2,1998-05-01,1,5,1998,"Ostracoda ind ",0
"1555",3,1998-05-01,1,5,1998,"Ostracoda ind ",1.12962439988704
"1556",4,1998-05-01,1,5,1998,"Ostracoda ind ",0
"1557",2,1999-05-07,7,5,1999,"Ostracoda ind ",0
"1558",3,1999-05-07,7,5,1999,"Ostracoda ind ",0
"1559",4,1999-05-07,7,5,1999,"Ostracoda ind ",0
"1560",2,2000-05-25,25,5,2000,"Ostracoda ind ",0
"1561",3,2000-05-25,25,5,2000,"Ostracoda ind ",0
"1562",4,2000-05-25,25,5,2000,"Ostracoda ind ",0
"1563",2,2001-05-28,28,5,2001,"Ostracoda ind ",0
"1564",3,2001-05-28,28,5,2001,"Ostracoda ind ",0
"1565",4,2001-05-28,28,5,2001,"Ostracoda ind ",0
"1566",2,2002-04-22,22,4,2002,"Ostracoda ind ",0
"1567",3,2002-04-22,22,4,2002,"Ostracoda ind ",0
"1568",4,2002-04-22,22,4,2002,"Ostracoda ind ",0
"1569",4,2014-05-21,21,5,2014,"Ostracoda ind ",0.808080808080808
"1570",2,2015-05-27,27,5,2015,"Ostracoda ind ",0.0341880341880342
"1571",3,2015-05-27,27,5,2015,"Ostracoda ind ",0.0394477317554241
"1572",4,2015-05-27,27,5,2015,"Ostracoda ind ",0
"1573",2,2016-04-29,29,4,2016,"Ostracoda ind ",0
"1574",3,2016-04-29,29,4,2016,"Ostracoda ind ",0
"1575",4,2016-04-29,29,4,2016,"Ostracoda ind ",0
"1576",2,1997-05-14,14,5,1997,"Pisces larve",0
"1577",3,1997-05-14,14,5,1997,"Pisces larve",7
"1578",4,1997-05-15,15,5,1997,"Pisces larve",0
"1579",2,1998-05-01,1,5,1998,"Pisces larve",1.5
"1580",3,1998-05-01,1,5,1998,"Pisces larve",0
"1581",4,1998-05-01,1,5,1998,"Pisces larve",0
"1582",2,1999-05-07,7,5,1999,"Pisces larve",2.08550573514077
"1583",3,1999-05-07,7,5,1999,"Pisces larve",2.31803430690774
"1584",4,1999-05-07,7,5,1999,"Pisces larve",5.79815183910129
"1585",2,2000-05-25,25,5,2000,"Pisces larve",0.925925925925926
"1586",3,2000-05-25,25,5,2000,"Pisces larve",0
"1587",4,2000-05-25,25,5,2000,"Pisces larve",0
"1588",2,2001-05-28,28,5,2001,"Pisces larve",0.57513077035891
"1589",3,2001-05-28,28,5,2001,"Pisces larve",1.1133284903544
"1590",4,2001-05-28,28,5,2001,"Pisces larve",1.53933333397472
"1591",2,2002-04-22,22,4,2002,"Pisces larve",0.472076665250437
"1592",3,2002-04-22,22,4,2002,"Pisces larve",0.472076665250437
"1593",4,2002-04-22,22,4,2002,"Pisces larve",0.472076665250437
"1594",4,2014-05-21,21,5,2014,"Pisces larve",0.404040404040404
"1595",2,2015-05-27,27,5,2015,"Pisces larve",8.23931623931624
"1596",3,2015-05-27,27,5,2015,"Pisces larve",3.15581854043393
"1597",4,2015-05-27,27,5,2015,"Pisces larve",7.30593607305936
"1598",2,2016-04-29,29,4,2016,"Pisces larve",0.245210727969349
"1599",3,2016-04-29,29,4,2016,"Pisces larve",2.23585548738923
"1600",4,2016-04-29,29,4,2016,"Pisces larve",0.0838574423480084
"1601",2,1997-05-14,14,5,1997,"Pisces uova",21
"1602",3,1997-05-14,14,5,1997,"Pisces uova",22
"1603",4,1997-05-15,15,5,1997,"Pisces uova",4
"1604",2,1998-05-01,1,5,1998,"Pisces uova",3
"1605",3,1998-05-01,1,5,1998,"Pisces uova",0
"1606",4,1998-05-01,1,5,1998,"Pisces uova",0.5
"1607",2,1999-05-07,7,5,1999,"Pisces uova",9.7323600973236
"1608",3,1999-05-07,7,5,1999,"Pisces uova",24.3393602225313
"1609",4,1999-05-07,7,5,1999,"Pisces uova",0
"1610",2,2000-05-25,25,5,2000,"Pisces uova",0.925925925925926
"1611",3,2000-05-25,25,5,2000,"Pisces uova",20.2522323483384
"1612",4,2000-05-25,25,5,2000,"Pisces uova",36.330608537693
"1613",2,2001-05-28,28,5,2001,"Pisces uova",10.3523538664604
"1614",3,2001-05-28,28,5,2001,"Pisces uova",12.2466133938984
"1615",4,2001-05-28,28,5,2001,"Pisces uova",6.15733333589889
"1616",2,2002-04-22,22,4,2002,"Pisces uova",0
"1617",3,2002-04-22,22,4,2002,"Pisces uova",0
"1618",4,2002-04-22,22,4,2002,"Pisces uova",0
"1619",4,2014-05-21,21,5,2014,"Pisces uova",12.1212121212121
"1620",2,2015-05-27,27,5,2015,"Pisces uova",5.47008547008547
"1621",3,2015-05-27,27,5,2015,"Pisces uova",0.0788954635108481
"1622",4,2015-05-27,27,5,2015,"Pisces uova",10.958904109589
"1623",2,2016-04-29,29,4,2016,"Pisces uova",1.40996168582375
"1624",3,2016-04-29,29,4,2016,"Pisces uova",0.16359918200409
"1625",4,2016-04-29,29,4,2016,"Pisces uova",2.51572327044025
"1626",2,1997-05-14,14,5,1997,"Polychaeta larve ind ",1.90267801931218
"1627",3,1997-05-14,14,5,1997,"Polychaeta larve ind ",0
"1628",4,1997-05-15,15,5,1997,"Polychaeta larve ind ",0
"1629",2,1998-05-01,1,5,1998,"Polychaeta larve ind ",0
"1630",3,1998-05-01,1,5,1998,"Polychaeta larve ind ",0
"1631",4,1998-05-01,1,5,1998,"Polychaeta larve ind ",16.579817919483
"1632",2,1999-05-07,7,5,1999,"Polychaeta larve ind ",0.695168578380257
"1633",3,1999-05-07,7,5,1999,"Polychaeta larve ind ",16.2262401483542
"1634",4,1999-05-07,7,5,1999,"Polychaeta larve ind ",15.4617382376034
"1635",2,2000-05-25,25,5,2000,"Polychaeta larve ind ",6.48148148148148
"1636",3,2000-05-25,25,5,2000,"Polychaeta larve ind ",0
"1637",4,2000-05-25,25,5,2000,"Polychaeta larve ind ",0
"1638",2,2001-05-28,28,5,2001,"Polychaeta larve ind ",2.87565385179455
"1639",3,2001-05-28,28,5,2001,"Polychaeta larve ind ",3.3399854710632
"1640",4,2001-05-28,28,5,2001,"Polychaeta larve ind ",0
"1641",2,2002-04-22,22,4,2002,"Polychaeta larve ind ",2.36038332625218
"1642",3,2002-04-22,22,4,2002,"Polychaeta larve ind ",1
"1643",4,2002-04-22,22,4,2002,"Polychaeta larve ind ",4.22542650398775
"1644",4,2014-05-21,21,5,2014,"Polychaeta larve ind ",12.1212121212121
"1645",2,2015-05-27,27,5,2015,"Polychaeta larve ind ",5.47008547008547
"1646",3,2015-05-27,27,5,2015,"Polychaeta larve ind ",0.0788954635108481
"1647",4,2015-05-27,27,5,2015,"Polychaeta larve ind ",0.228310502283105
"1648",2,2016-04-29,29,4,2016,"Polychaeta larve ind ",2.08429118773946
"1649",3,2016-04-29,29,4,2016,"Polychaeta larve ind ",1.45421495114747
"1650",4,2016-04-29,29,4,2016,"Polychaeta larve ind ",2.51572327044025
"1651",2,1997-05-14,14,5,1997,"Siphonophorae ind ",0
"1652",3,1997-05-14,14,5,1997,"Siphonophorae ind ",0
"1653",4,1997-05-15,15,5,1997,"Siphonophorae ind ",0
"1654",2,1998-05-01,1,5,1998,"Siphonophorae ind ",0
"1655",3,1998-05-01,1,5,1998,"Siphonophorae ind ",0
"1656",4,1998-05-01,1,5,1998,"Siphonophorae ind ",0
"1657",2,1999-05-07,7,5,1999,"Siphonophorae ind ",0
"1658",3,1999-05-07,7,5,1999,"Siphonophorae ind ",0
"1659",4,1999-05-07,7,5,1999,"Siphonophorae ind ",0
"1660",2,2000-05-25,25,5,2000,"Siphonophorae ind ",0
"1661",3,2000-05-25,25,5,2000,"Siphonophorae ind ",0
"1662",4,2000-05-25,25,5,2000,"Siphonophorae ind ",0
"1663",2,2001-05-28,28,5,2001,"Siphonophorae ind ",0
"1664",3,2001-05-28,28,5,2001,"Siphonophorae ind ",0
"1665",4,2001-05-28,28,5,2001,"Siphonophorae ind ",1.53933333397472
"1666",2,2002-04-22,22,4,2002,"Siphonophorae ind ",0
"1667",3,2002-04-22,22,4,2002,"Siphonophorae ind ",0
"1668",4,2002-04-22,22,4,2002,"Siphonophorae ind ",0
"1669",4,2014-05-21,21,5,2014,"Siphonophorae ind ",0
"1670",2,2015-05-27,27,5,2015,"Siphonophorae ind ",0
"1671",3,2015-05-27,27,5,2015,"Siphonophorae ind ",0
"1672",4,2015-05-27,27,5,2015,"Siphonophorae ind ",0.045662100456621
"1673",2,2016-04-29,29,4,2016,"Siphonophorae ind ",0
"1674",3,2016-04-29,29,4,2016,"Siphonophorae ind ",0
"1675",4,2016-04-29,29,4,2016,"Siphonophorae ind ",0.838574423480084
"1676",2,1997-05-14,14,5,1997,"Uova Engraulis encrasicolus",0
"1677",3,1997-05-14,14,5,1997,"Uova Engraulis encrasicolus",0
"1678",4,1997-05-15,15,5,1997,"Uova Engraulis encrasicolus",0
"1679",2,1998-05-01,1,5,1998,"Uova Engraulis encrasicolus",0
"1680",3,1998-05-01,1,5,1998,"Uova Engraulis encrasicolus",0
"1681",4,1998-05-01,1,5,1998,"Uova Engraulis encrasicolus",0
"1682",2,1999-05-07,7,5,1999,"Uova Engraulis encrasicolus",0
"1683",3,1999-05-07,7,5,1999,"Uova Engraulis encrasicolus",0
"1684",4,1999-05-07,7,5,1999,"Uova Engraulis encrasicolus",0
"1685",2,2000-05-25,25,5,2000,"Uova Engraulis encrasicolus",0
"1686",3,2000-05-25,25,5,2000,"Uova Engraulis encrasicolus",0
"1687",4,2000-05-25,25,5,2000,"Uova Engraulis encrasicolus",0
"1688",2,2001-05-28,28,5,2001,"Uova Engraulis encrasicolus",0
"1689",3,2001-05-28,28,5,2001,"Uova Engraulis encrasicolus",0
"1690",4,2001-05-28,28,5,2001,"Uova Engraulis encrasicolus",0
"1691",2,2002-04-22,22,4,2002,"Uova Engraulis encrasicolus",0
"1692",3,2002-04-22,22,4,2002,"Uova Engraulis encrasicolus",0
"1693",4,2002-04-22,22,4,2002,"Uova Engraulis encrasicolus",0
"1694",4,2014-05-21,21,5,2014,"Uova Engraulis encrasicolus",1.61616161616162
"1695",2,2015-05-27,27,5,2015,"Uova Engraulis encrasicolus",57.4358974358974
"1696",3,2015-05-27,27,5,2015,"Uova Engraulis encrasicolus",11.0453648915187
"1697",4,2015-05-27,27,5,2015,"Uova Engraulis encrasicolus",1.64383561643836
"1698",2,2016-04-29,29,4,2016,"Uova Engraulis encrasicolus",17.5325670498084
"1699",3,2016-04-29,29,4,2016,"Uova Engraulis encrasicolus",1.85412406271302
"1700",4,2016-04-29,29,4,2016,"Uova Engraulis encrasicolus",0.838574423480084
